15704
6899
29198
21925
27810
31408
23835
25628
11082
3297
18408
24643
2238
12053
22852
32495
12729
30048
21195
7581
9370
8389
22164
28991
6594
4048
10363
16518
26413
4476
14039
31105
12936
5411
23157
2959
25458
17625
27328
15162
7313
22424
28723
6350
16229
18740
28319
1634
8649
14299
24358
30861
3804
10615
16778
11560
2691
25214
17877
13188
5167
31954
23417
8096
20726
30557
268
9895
20058
27121
8952
1363
28078
15444
29442
21673
25872
17083
10822
31676
23575
13546
4929
22600
32739
5918
12469
18148
24911
2482
11801
21888
29227
6870
15741
27783
26840
20339
10126
30324
20959
14626
7817
12080
2203
24678
18381
12700
5687
32458
22881
4712
13763
23870
31381
3268
11119
17298
25657
8416
1867
28598
15948
6631
28954
22193
7608
14867
21230
30021
788
9407
19522
27625
23120
5382
12973
17660
25431
2986
11265
26376
16547
10334
4085
31140
24079
14066
4441
16192
6379
22461
8684
28346
536
9651
19790
27365
7348
15135
21474
29769
17904
25179
2726
11533
23388
31991
5130
13217
30888
24323
14334
4181
16815
10578
3833
28043
1398
8925
21644
29479
15473
30584
20691
14382
8069
27092
20095
9858
297
12432
5947
32710
22637
11836
2455
24938
18113
3528
10851
17054
25909
4964
13519
23602
31641
11008
3243
25686
17405
13740
4615
31482
23889
5720
12787
22798
32421
12127
18338
24585
20912
30235
7910
14669
20252
26807
74
10209
27880
19267
9150
1045
29252
21999
15634
6841
24160
31179
4406
13981
16588
26471
3994
10289
25400
17555
11374
3013
32148
23103
12994
5481
9424
891
27526
19501
14972
7639
29994
21121
6536
15907
22238
29045
1828
8335
18546
28633
16832
26219
10557
24428
30919
4154
23347
13262
5221
25140
11618
2761
15216
7387
29734
21389
9692
631
27274
19745
1576
8579
18814
28373
6276
16175
22482
28793
13472
4875
31734
23645
10764
3495
25946
17137
2552
11859
18094
24837
12543
22530
32681
19984
27067
326
9965
20668
30487
8170
14401
29512
21731
15390
7093
28132
8882
1305
32384
22827
12758
5757
24620
18311
12154
2257
17368
25715
3214
11045
23924
31455
4642
1072
9115
19302
27853
6812
15671
21962
29281
14696
7875
30270
20885
10180
111
26770
20281
3040
11339
17590
25373
5452
13031
23066
32177
14008
4371
31214
24133
10260
4031
26434
16617
29008
22267
15878
6573
28668
18519
8362
1793
19464
27555
862
9461
21156
29967
7666
14937
5184
13291
23318
31933
2796
11591
17850
25105
10520
3763
26190
16869
14260
4127
30946
24393
28400
18779
8614
1549
28764
22519
16138
6305
21416
29699
7422
15189
19716
27311
594
9721
24864
18059
11894
2525
32652
22567
12506
6001
23672
31699
4910
13445
17108
25983
3458
10793
7056
15419
21702
29549
1340
8855
28097
9928
355
27038
20021
14436
8143
20633
22016
29099
6486
8273
27480
19699
9230
933
30196
21087
15010
7433
11440
2843
25574
12828
5559
32074
4584
13891
24254
30997
3908
10479
16402
26553
9056
27702
19357
15820
6759
29338
21809
7736
14739
20846
30405
10047
20418
26729
22992
32379
5766
12589
18300
24791
2090
12161
25736
11230
3189
31268
23951
13682
4825
15552
7019
29590
21565
8812
1479
27962
408
9779
20174
26981
7988
14495
20578
30665
18032
25051
2342
22748
32631
6026
12321
31528
23683
13438
5077
25988
16943
10962
3449
18848
28171
8541
22284
28839
6234
16369
29944
21331
15278
7173
27220
19967
9474
681
13072
5307
31814
23533
11708
2583
25322
17729
3656
10723
16670
26293
4324
14159
24498
30745
896
9259
19670
27517
7468
14983
21114
30161
16088
6515
29070
22053
8308
2015
28450
31024
13926
26524
16439
10442
3937
17512
25539
2878
11413
32111
5522
12857
30432
20811
14774
7709
26700
20455
10010
177
19384
27667
1262
9029
21780
29375
6722
15849
3152
11259
17158
25773
4860
23978
31233
12552
32350
23029
12196
2063
24818
18265
26944
9750
445
30700
20551
14522
7953
21528
29619
6990
15589
19124
27935
1506
8777
5104
13403
23718
31501
3420
10999
16906
26017
11944
2307
25086
18005
12292
6063
32594
22777
7200
15243
29917
652
9511
19930
27249
8568
1747
28206
18821
16340
6271
28802
22313
26256
16699
10694
3693
30780
24471
14186
4289
23496
31843
5278
13109
17764
25295
2610
11673
32000
23211
12886
5629
25516
17415
11514
2897
16472
26611
3854
10405
24308
31071
4514
13833
1968
8219
18662
28493
6428
16055
22090
29153
15080
7491
30142
9284
1007
27410
19641
12235
18230
24733
5836
12647
22938
32305
13624
4755
31342
24005
11156
3135
25794
17257
29392
21883
15750
6701
27772
19415
9002
1153
20360
26659
222
10101
20772
30351
7794
6080
12395
22678
32573
11975
17978
24977
10904
3379
26062
16997
13364
5023
31586
23753
28016
19163
8742
1421
29660
21623
15498
6945
20520
30595
8062
14549
20100
26927
466
9849
25248
17675
11766
2653
31756
23463
13146
5361
24568
30803
4270
14085
16724
26367
3586
6160
16315
22342
28909
1724
8471
18922
28225
9544
739
27166
19893
15332
7247
29874
21273
10368
3883
26582
16509
13868
4487
31098
24273
5592
12915
23182
32037
2932
11487
17442
25481
21040
30107
7526
15053
19612
27447
970
9313
28520
18627
8254
1941
22127
16018
6457
24032
31307
4790
13597
17228
25831
3098
11185
24760
18195
12270
2117
32276
22975
12610
5865
10064
251
26630
20397
14844
7767
30378
20737
6664
15779
21854
29429
8975
19442
27737
16960
26091
3350
10941
23788
31559
5050
13329
32536
22707
12366
6117
25012
17951
12002
14576
8027
30630
20493
9820
503
26890
20129
1448
8707
19198
27989
15535
21586
14112
4235
30838
24541
10636
3623
26330
16753
2680
11731
17710
25221
5332
13183
23426
31785
19856
27195
710
9581
21308
29847
7274
15297
28872
22371
16286
6197
28260
8498
1689
25430
17661
12972
5383
23121
4440
14067
24078
31141
4084
10335
16546
26377
22192
28955
6630
15949
28599
1866
8417
27624
19523
9406
789
30020
21231
14866
7609
22880
32459
12701
18380
24679
2202
12081
25656
17299
11118
31380
23871
13762
4713
9168
1147
27782
19245
15740
6871
29226
21889
7816
14627
20958
30325
10127
20338
26841
18112
24939
22636
32711
5946
12433
31640
23603
13518
4965
25908
10850
15472
29478
21645
8924
1399
28042
18977
9859
20094
27093
8068
14383
20690
30585
13216
5131
31990
23389
11532
2727
25178
17905
3832
10579
16814
26117
4180
14335
24322
30889
18704
28347
1606
8685
22460
6378
16193
29768
21475
15134
7349
27364
19791
9650
537
31104
24107
14038
4477
26412
16519
10362
4049
17624
25459
2958
11301
23156
32223
5410
12937
816
9371
19558
27597
7580
14903
21194
30049
15976
6595
28990
22165
8388
1903
28562
18489
3296
11083
17334
25629
13799
23834
31409
12728
5651
32494
22853
12052
2239
24642
18409
30288
20987
14598
7853
26876
20311
10154
19208
27811
1118
9205
21924
29199
6898
15705
4928
13547
23574
31677
10823
17082
25873
11800
2483
24910
18149
12468
5919
32738
22601
27120
20059
9894
269
30556
20727
14346
8097
21672
29443
7166
15445
18948
28079
1362
8953
16779
10614
3805
30860
24359
14298
4209
23416
31955
5166
13189
17876
25215
2690
11561
7312
15163
21446
29805
572
9623
19818
27329
8648
1635
28318
18741
16228
6351
28722
22425
1792
8363
18518
28669
6572
15879
22266
29009
14936
7667
29966
21157
9460
863
27554
19465
32176
13030
5453
25372
17591
11338
3041
16616
26435
4030
10261
24132
31215
4370
14009
29280
21963
15670
6813
27852
19303
9114
1073
20280
26771
110
10181
20884
30271
7874
14697
2256
12155
18310
24621
5756
12759
22826
32385
13704
4643
31454
23925
11044
3215
25714
17369
28096
8854
1341
29548
21703
15418
7057
20632
30515
8142
14437
20020
27039
354
9929
12507
22566
32653
2524
11895
18058
24865
10792
3459
25982
17109
13444
4911
31698
23673
6304
16139
22518
28765
1548
8615
18778
28401
9720
595
19717
7423
29698
21417
25104
17851
11590
2797
31932
23319
13290
5185
24392
30947
4126
14261
16868
26191
3762
21120
29995
7638
14973
19500
27527
890
9425
28632
18547
8334
1829
29044
22239
15906
6537
10288
3995
26470
16589
13980
4407
31178
24161
5480
12995
23102
32149
3012
11375
17554
25401
10208
26806
20253
14668
7911
30234
20913
6840
15635
21998
29253
1044
9151
19266
27881
23888
31483
4614
13741
17404
25687
3242
11009
24584
18339
12126
2293
32420
22799
12786
5721
14400
8171
30486
20669
9964
327
27066
19985
1304
8883
28133
7092
15391
21730
29513
17136
25947
3494
10765
23644
31735
4874
13473
32680
22531
12542
5973
24836
18095
11858
2553
19744
27275
630
9693
21388
29735
7386
15217
28792
22483
16174
6277
28372
18815
8578
1577
14224
4155
30918
24429
10556
3735
26218
16833
2760
11619
17822
25141
5220
13263
23346
31897
31232
23979
13654
25772
11258
3153
18264
24819
2062
12197
23028
32351
5794
12553
10011
20454
26701
7708
14775
20810
30433
15848
6723
29374
21781
9028
1263
27666
19385
3936
16438
26525
4556
13927
24218
31025
12856
5523
32110
23237
11412
2879
17513
30160
21115
14982
7469
27516
19671
9258
897
18568
28451
2014
8309
22052
29071
6514
4288
14187
24470
30781
3692
10695
16698
26257
11672
2611
25294
17765
13108
5279
31842
23497
27248
19931
9510
653
29916
15242
7201
22312
28803
6270
16341
18820
28207
1746
8569
26016
16907
10998
3421
31500
23719
13402
5105
22776
32595
6062
12293
18004
25087
2306
11945
7952
14523
20550
30701
444
9751
20202
26945
8776
1507
27934
19125
15588
6991
21529
12160
2091
24790
18301
12588
5767
32378
22993
4824
13683
23950
31269
3188
11231
17186
25737
21808
29339
6758
15821
19356
27703
1226
26728
20419
10046
149
30404
20847
14738
7737
23264
32075
5558
12829
17484
25575
2842
11441
26552
16403
10478
3909
30996
24255
13890
4585
8272
2043
28422
18605
16124
6487
29098
22017
7432
15011
21086
30197
932
9231
19698
27481
17728
25323
2582
11709
23532
31815
5306
13073
30744
24499
14158
4325
26292
16671
10722
3657
16368
6235
28838
22285
8540
1783
28170
18849
680
9475
19966
27221
7172
15279
21330
29945
12320
6027
32630
11916
2343
25050
18033
3448
10963
16942
25989
5076
13439
23682
31529
19088
27963
1478
8813
21564
29591
7018
15553
30664
20579
14494
7989
26980
20175
9778
409
20736
30379
7766
20396
26631
10065
27736
19443
8974
29428
21855
15778
6665
11184
3099
25830
17229
13596
4791
31306
24033
5864
12611
22974
32277
2116
12271
18194
24761
9312
971
19613
15052
7527
30106
21041
6456
16019
22126
29125
1940
8255
18626
28521
24272
31099
4486
13869
16508
26583
3882
10369
25480
11486
2933
32036
23183
12914
5593
15296
7275
21309
9580
711
27194
19857
1688
8499
18894
28261
6196
16287
22370
28873
16752
26331
3622
24540
30839
4234
14113
31784
23427
13182
5333
25220
17711
11730
2681
20128
26891
502
9821
20492
30631
8026
14577
29688
15534
6917
27988
19199
8706
1449
13328
5051
31558
23789
10940
3351
26090
16961
12003
17950
6116
12367
22706
32537
9003
19414
27773
6700
15751
21882
29393
7795
30350
20773
10100
223
26658
20361
32304
22939
12646
5837
24732
18231
12234
2145
17256
25795
3134
11157
24004
31343
4754
13625
29152
22091
16054
6429
28492
18663
8218
1969
19640
27411
1006
21012
30143
7490
15081
2896
11515
17414
25517
5628
12887
23210
32001
13832
4515
31070
24309
10404
3855
26610
16473
28224
18923
8470
1725
28908
22343
16314
6161
21272
29875
7246
15333
19892
27167
738
9545
5360
13147
23462
31757
2652
11767
17674
25249
10664
3587
26366
16725
14084
4271
30802
6944
15499
21622
1420
19162
28017
9848
467
26926
20101
14548
8063
30594
20521
24976
17979
11974
2413
32572
22679
12394
6081
23752
31587
5022
16996
26063
3378
10905
5974
12541
18092
24839
11857
25944
10766
31732
23647
13474
4873
8880
1307
28134
15388
7095
29514
21729
8168
14403
20670
30485
324
9967
19986
27065
11616
25142
17821
13260
5223
31898
23345
4152
24430
30917
10559
16834
26217
22480
28795
6278
16173
18812
28375
1578
27272
19747
9694
29732
21391
15218
7385
12992
5483
23101
3015
25402
17553
10291
4404
31177
18544
28635
1830
8333
22236
29047
6538
15905
29992
21123
14974
7637
27524
19503
9426
24587
12125
22796
32423
5722
12785
31480
23891
13742
4613
25684
17407
11010
3241
15632
6843
29254
21997
9148
1047
27882
19265
10211
20254
26805
7908
14671
20914
30233
10795
17110
25981
4908
13447
23674
31697
12504
6003
32654
22565
11892
2527
24866
18057
30512
20635
14438
8141
27036
20023
9930
353
28099
1342
8853
21700
29551
7058
15417
30944
24395
4125
26188
16871
10522
3761
17848
25107
2798
11589
23316
31935
5186
13289
592
9723
19718
27309
7420
15191
21418
29697
16136
6307
28766
22517
8612
1551
28402
18777
26432
16619
10262
31212
24135
14010
4369
23064
32179
5454
13029
17588
25375
3042
11337
7664
14939
21158
29965
860
9463
19466
27553
8360
1795
28670
18517
15876
6575
29010
22265
4640
13707
23926
31453
3212
11047
17370
25713
12152
2259
24622
18309
12756
5759
32386
22825
26768
20283
10182
109
30268
20887
14698
7873
21960
29283
6814
15669
19300
27855
1074
9113
29440
21675
15446
7165
28076
18951
8954
1361
20056
9893
30559
8098
14345
2480
11803
18150
24909
5916
12471
22602
32737
13544
4931
31678
23573
10820
25874
1632
18742
28317
6348
16231
22426
28721
7315
29806
21445
9620
575
27330
19817
31952
23419
13190
5165
25212
17879
11562
2689
16776
26147
3806
10613
24356
30863
4210
14297
6592
15979
22166
28989
1900
8391
18490
28561
819
27598
19557
7583
21193
25456
17627
11302
2957
32220
23159
12938
5409
24104
31107
4478
14037
16516
26415
10361
27808
19211
9206
1117
29196
21927
15706
6897
20984
30291
7854
14597
20308
26879
10153
5648
12731
22854
32493
12055
24641
11080
3299
25630
17333
13796
4687
31410
23833
9856
27094
20093
14380
8071
30586
20689
7128
15475
21646
29477
1396
8927
28041
23600
31643
4966
13517
25911
3530
10849
24936
18115
11838
2453
32708
22639
12434
5945
21472
29771
7350
15133
19788
27367
538
9649
28344
18707
8686
1605
28692
22463
6377
10576
3835
26118
16813
14332
4183
30890
24321
5128
13219
23390
31989
2724
11535
17906
25177
19520
27627
790
9405
21228
30023
7610
14865
28952
22195
15950
28596
18463
8418
1865
14064
4443
31142
24077
10332
26378
16545
2984
11267
17662
25429
5380
12975
23122
32249
14624
7819
30326
20957
10124
39
26842
20337
1144
9171
19246
27781
6868
15743
21890
29225
17296
25659
3270
11117
23868
31383
4714
13761
32456
22883
12702
5685
24676
12082
3584
10667
16726
26365
4268
14087
24570
30801
13144
5363
31758
23461
11764
2655
25250
17673
29872
21275
15334
7245
27164
19895
9546
18920
28227
1726
8469
22340
28911
6162
16313
31584
23755
13366
5021
26060
16999
10906
3377
17976
24979
2414
11973
22676
32575
6082
12393
464
9851
20102
26925
8060
14551
20522
30593
15496
6947
29662
21621
8740
1423
28018
19161
25792
11158
3133
31340
24007
13626
4753
32307
5838
12645
12233
7792
14811
20774
30349
220
10103
20362
26657
9000
1155
27774
19413
15748
6703
29394
21881
4512
13835
24310
3852
10407
16474
26609
11512
25518
17413
12884
5631
32002
23209
27408
9286
1005
30140
21015
15082
7489
22088
29155
6430
16053
18660
28495
1970
8217
23424
31787
13181
17708
25223
2682
11729
26328
16755
10638
3621
30836
24543
14114
1691
28262
18893
16284
6199
28874
22369
7272
15299
21310
29845
9583
19858
27193
12000
25014
17949
12364
6119
22705
5048
13331
31557
3348
10943
16962
26089
21584
29691
6918
15533
19196
27991
1450
8705
26888
20131
9822
501
30628
20495
14578
8025
12608
5867
32278
22973
12268
2119
24762
18193
3096
11187
25829
4788
13599
24034
31305
19440
27739
8973
21852
6666
15777
30376
20739
14846
7765
26628
20399
10066
249
17440
25483
2934
11485
23180
32039
5594
12913
31096
24275
13870
4485
26580
16511
10370
3881
16016
6459
29126
22125
8252
1943
28522
18625
968
9315
19614
27445
7524
15055
21042
30105
9472
683
27222
19965
15276
7175
29946
21329
6232
16371
22286
28837
1780
8543
18850
28169
24496
30747
4326
14157
16668
26295
3658
10721
25320
17731
11710
2581
31812
23535
13074
5305
20576
30667
7990
14493
20172
26983
410
9777
27960
19091
8814
1477
29588
21567
15554
7017
10960
3451
25990
16941
13436
5079
31530
23681
6024
12323
22750
32629
2340
11919
18034
25049
20416
26731
150
10045
20844
30407
7738
14737
29336
21811
15822
6757
27700
19359
9058
1225
13680
4827
31270
23949
11228
3191
25738
17185
2088
12163
18302
24789
5764
12591
22994
15008
7435
30198
21085
9228
935
27482
19697
2040
8275
18606
28421
6484
16127
22018
29097
16400
26555
3910
10477
24252
30999
4586
13889
32072
23267
12830
5557
17487
11442
2841
28800
22315
16342
6269
28204
18823
8570
1745
19928
27251
654
9509
21364
29919
7202
15241
2608
11675
17766
25293
5276
13111
23498
31841
14184
4291
30782
24469
10692
26258
16697
1504
8779
19126
27933
6988
15591
21530
29617
14520
7955
30702
20549
9748
447
26946
20201
32592
22779
12294
6061
25084
18007
11946
2305
16904
26019
3422
10997
23716
31503
5106
13401
6720
15851
21782
29373
1260
9031
19386
27665
10008
179
26702
20453
14772
7711
30434
20809
24816
18267
12198
2061
32348
23031
12554
5793
23976
31235
4862
13653
17156
25775
3154
11257
28448
18571
8310
29068
22055
16090
6513
21112
30163
7470
14981
19668
27519
898
9257
5520
12859
23238
32109
2876
11415
17514
25537
10440
3939
26526
16437
13924
4559
31026
24217
29696
21419
15190
7421
27308
19719
9722
18776
28403
1550
8613
22516
28767
6306
16137
3760
10523
16870
26189
4124
24394
30945
13288
5187
31934
23317
11588
2799
25106
17849
9931
20022
8140
14439
20634
30513
15416
7059
29550
21701
8852
1343
28098
31696
13446
4909
25980
17111
10794
18056
24867
2526
11893
22564
32655
6002
12505
7872
14699
30269
10183
20282
26769
1075
27854
15668
29282
21961
25712
17371
11046
3213
31452
23927
13706
4641
22824
32387
5758
12757
18308
24623
12153
19467
9462
29964
21159
7665
22264
29011
6574
15877
18516
28671
1794
8361
4368
14011
24134
31213
10263
16618
26433
11336
3043
25374
17589
13028
5455
32178
23065
1579
28374
18813
16172
28794
22481
7384
15219
21390
29733
628
9695
19746
27273
23344
31899
5222
13261
17820
25143
2762
11617
26216
16835
10558
3733
30916
24431
14226
4153
21728
29515
7094
15389
19020
28135
1306
8881
27064
19987
9966
325
30484
20671
14402
8169
11856
2555
24838
18093
12540
5975
32682
22529
4872
13475
23646
31733
3492
10767
17138
25945
19264
27883
1046
9149
21996
29255
6842
15633
30232
20915
14670
7909
26804
20255
10210
73
12784
5723
32422
22797
12124
2295
24586
18337
3240
11011
17406
25685
4612
13743
23890
31481
15904
6539
29046
22237
1831
28634
18545
888
9427
19502
27525
7636
14975
21122
29993
17552
25403
3014
11373
32151
5482
12993
31176
24163
13982
4405
26468
16591
10290
3993
24320
30891
4182
14333
16812
26119
3834
10577
25176
17907
2725
31988
23391
13218
5129
9648
539
27366
19789
15132
7351
29770
21473
6376
16195
22462
28693
1604
8687
18706
28345
10848
25910
17053
13516
4967
31642
23601
5944
12435
22638
32709
2452
11839
24937
20688
30587
8070
14381
20092
27095
298
9857
28040
18979
8926
1397
29476
21647
15474
7129
13760
4715
31382
11116
3271
25658
17297
12083
24677
5684
12703
22882
32457
20336
26843
38
10125
20956
30327
7818
14625
29224
21891
15742
6869
27780
19247
9170
1145
16544
26379
4086
10333
24076
31143
4442
14065
32248
23123
17663
2985
14864
7611
30022
21229
9404
791
27626
19521
1864
18462
28597
6628
15951
22194
28953
2688
11563
17878
25213
5164
13191
23418
31953
14296
4211
30862
24357
10612
3807
26146
16777
28720
22427
16230
6349
28316
18743
8650
1633
19816
27331
574
9621
21444
29807
7314
15161
32736
22603
12470
5917
24908
18151
11802
2481
17080
10821
23572
31679
4930
13545
1360
8955
18950
28077
7164
15447
21674
29441
14344
8099
30558
20725
9892
271
27122
20057
24640
18411
12054
2237
32492
22855
12730
5649
23832
31411
4686
13797
17332
25631
3298
11081
6896
15707
21926
29197
1116
9207
19210
27809
10152
26878
20309
14596
7855
30290
20985
5408
12939
23158
32221
2956
11303
17626
25457
10360
4051
26414
16517
14036
4479
31106
24105
28560
18491
8390
1901
28988
22167
15978
6593
21192
7582
14901
19556
27599
818
9369
8704
1451
27990
15532
6919
29690
21585
8024
14579
20494
30629
500
9823
20130
26889
22704
32539
6118
12365
17948
25015
12001
26088
16963
10942
3349
31556
23791
13330
5049
22368
28875
6198
16285
18892
28263
1690
8497
27192
19859
9582
709
29844
21311
15298
7273
11728
2683
25222
17709
13180
5335
31786
23425
4232
14115
24542
30837
3620
10639
16754
26329
18624
1942
8253
22124
29127
6458
16017
21043
15054
27444
19615
969
12912
5595
32038
23181
11484
25482
17441
3880
10371
16510
26581
4484
13871
24274
31097
15776
6667
29430
21853
8972
27738
19441
248
10067
20398
26629
7764
14847
20738
30377
18192
24763
12269
22972
5866
31304
24035
13598
4789
25828
11186
3097
30592
20523
14550
26924
20103
9850
465
19160
28019
1422
8741
21620
29663
6946
15497
3376
10907
16998
26061
5020
13367
31585
12392
6083
32574
22677
11972
2415
24978
17977
736
9547
19894
27165
7244
15335
21274
29873
16312
6163
28910
22341
8468
1727
28226
18921
30800
24571
14086
4269
26364
16727
10666
3585
17672
25251
2654
11765
23460
31759
5362
13145
7488
15083
21014
30141
1004
9287
19642
27409
8216
1971
28494
18661
16052
6431
29154
22089
26608
16475
10406
3853
31068
13834
4513
23208
32003
5630
12885
17412
25519
2898
11513
26656
20363
10102
221
30348
20775
14810
7793
21880
29395
6702
15749
19412
27775
1154
9001
4752
13627
24006
31341
3132
11159
17258
12232
2147
24734
18229
12644
5839
32306
22937
11947
18006
25085
6060
12295
22778
32593
13400
5107
31502
23717
10996
3423
26018
21531
15590
6989
27932
19127
8778
1505
20200
446
9749
20548
30703
7954
14521
31840
23499
13110
5277
25292
17767
11674
2609
16696
26259
3694
10693
24468
30783
4290
14185
1744
8571
18822
28205
6268
16343
22314
28801
7203
29918
21365
9508
655
27250
19929
17515
11414
2877
32108
23239
12858
5521
24216
31027
4558
13925
16436
26527
3938
10441
6512
16091
22054
29069
2012
8311
18570
28449
9256
899
27518
19669
14980
7471
30162
21113
5792
12555
23030
32349
2060
12199
18266
24817
3155
25774
17157
13652
4863
31234
23977
27664
19387
9030
1261
29372
21783
15850
6721
20808
30435
7710
20452
178
10009
23680
31531
5078
13437
16940
25991
3450
10961
25048
18035
11918
32628
22751
12322
6025
9776
411
26982
20173
14492
7991
30666
20577
7016
15555
21566
1476
8815
19090
27961
10720
3659
26294
16669
14156
4327
30746
24497
5304
13075
23534
31813
2580
11711
17730
25321
21328
29947
7174
15277
19964
27223
682
9473
28168
18851
8542
1781
28836
22287
16370
13888
4587
30998
24253
10476
3911
26554
16401
2840
11443
17486
25573
12831
23266
32073
19696
27483
934
9229
21084
30199
7434
15009
29096
22019
16126
6485
28420
18607
8274
2041
17184
25739
3190
11229
23948
31271
4826
13681
22995
12590
5765
24788
18303
12162
2089
7739
30406
20845
10044
151
20417
1224
9059
27701
6756
21810
12288
6059
32598
11948
25082
18001
3416
10995
16910
26021
5108
13407
23714
31497
27931
1510
8781
21532
29623
6986
15585
30696
20547
14526
7957
26948
9746
441
17760
25291
11677
23500
31847
5274
13105
30776
24467
14190
4293
26260
16703
10690
3689
16336
6267
28806
22317
8572
28202
18817
648
19934
27253
7204
15247
21362
29913
23232
32107
5526
12861
17516
25543
2874
11409
26520
16435
10446
3941
31028
24223
13922
4553
8304
2011
28454
16092
6519
29066
22049
7464
14979
21118
30165
900
9263
19666
27513
12192
2059
24822
18269
12556
32346
23025
4856
13651
23982
31237
3156
11263
17154
25769
21776
29371
6726
15853
19388
27671
1258
9025
26696
20451
10014
181
30436
20815
14770
7705
25984
16939
10966
3453
13434
22744
32627
6030
12325
18036
25055
2338
7984
20582
30669
412
9783
20170
26977
8808
1475
27966
19093
15556
21561
14155
24502
30749
3660
10727
16666
11704
2579
25326
17733
13076
5311
31810
23529
27216
19963
9478
685
29948
15274
7169
22280
28835
6238
16373
18852
28175
1778
8537
3904
10475
16406
26557
13895
24250
30993
12824
5555
32078
23269
11444
2847
25570
17481
30192
21083
15014
27484
19703
9226
929
18600
28419
2046
8277
22020
29103
16121
31264
23947
13686
4829
25740
11226
3185
18296
24787
2094
12165
22996
32383
12585
144
10043
20422
26733
7740
14743
20842
30401
15816
6755
29342
21813
9060
1231
27698
19353
6912
15531
21590
29693
1452
8711
19194
27985
9816
499
26894
20133
14580
8031
30626
20489
25008
17947
12006
2381
22711
12362
6113
23784
31555
5054
13333
16964
26095
3346
10937
18891
1693
28876
22375
16282
6193
21304
29843
7278
15301
19860
27199
706
9577
5328
13179
23430
31789
2684
11735
17706
25217
10632
3619
26334
16757
14116
4239
30834
24537
29120
22123
16022
6461
28524
18631
8250
1937
19608
27443
974
21044
30111
7522
15049
2928
11483
17446
25485
5596
12919
32033
13864
4483
31102
24277
10372
3887
26578
16505
8971
19446
27741
6668
15783
21850
29425
14840
7763
30382
20741
10068
255
26626
32272
22971
12614
5869
24764
18199
12266
2113
17224
25827
3102
11189
24036
31311
4786
13593
20096
26923
470
9853
20524
30599
8058
14545
29656
21619
15502
6949
28020
19167
8738
1417
13360
5019
31590
10908
3383
26058
16993
2408
11971
17982
24981
6084
12399
22674
32569
15328
7243
29878
21277
9548
743
27162
19889
1720
8467
18926
28229
6164
22338
28905
16720
26363
3590
10669
24572
30807
4266
14081
31752
23459
13150
5365
25252
17679
11762
2649
9280
1003
27414
19645
15084
7495
30138
21009
6424
16051
22094
29157
1972
8223
18658
28489
24304
31067
4518
13837
16476
26615
3850
10401
25512
17411
11518
2901
32004
23215
12882
5625
20768
30347
7798
20364
26663
218
10097
27768
19411
9006
1157
29396
21887
15746
6697
11152
3131
25798
17261
13628
4759
31338
24001
5832
12643
22942
32309
2148
12239
18226
24729
16811
10582
3837
30892
24327
14330
23384
31987
5134
13221
17908
25183
2722
11529
7344
15131
29773
19786
27361
8680
1603
28350
18709
16196
6383
28690
22457
4960
13515
23606
31645
3532
10855
17050
25905
11832
2451
24942
18117
12436
5951
32706
27088
9862
301
30588
20695
14378
8065
21640
29475
7134
15477
18980
1394
8921
3264
11115
17302
25661
13767
23866
31377
12696
5683
32462
22885
12084
24674
20955
14630
7821
26844
20343
33
19240
27779
1150
9173
21892
29231
6866
15737
31136
24075
14070
4445
26380
16551
10330
4081
17656
25427
11269
32255
5378
12969
784
9403
19526
27629
7612
14871
21226
30017
15944
6627
28958
22197
8420
1871
28594
18457
31958
11564
2695
25210
17873
3800
10611
26149
14303
30857
29800
15166
7317
27332
19823
18144
24907
2486
12465
13550
25876
17087
10818
3561
7163
29446
21677
8956
1367
18945
264
9891
27125
8100
14351
20722
30553
22848
32491
5654
12733
18412
24647
2234
12049
25624
17331
11086
3301
31412
23839
13794
4681
9200
1115
27814
19213
15708
6903
29194
7848
14595
20990
4
10159
20306
26873
11296
25462
17629
12940
5415
32218
4472
14035
24110
31109
4052
10367
16514
26409
22160
28987
6598
15981
18492
28567
1898
8385
27592
19555
9374
821
30052
21199
14898
7577
19712
27307
598
9725
21420
29703
7418
15185
28760
22515
16142
6309
28404
18783
8610
1545
14256
30950
24397
10524
3767
26186
2792
11587
17854
25109
5188
13295
23314
31929
14432
8139
30518
20637
9932
359
27034
20017
1336
8851
19054
28101
7060
15423
21698
29545
17104
25979
3462
10797
23676
31703
4906
13441
32648
22563
12510
6005
24868
18063
11890
2521
10176
107
26774
20285
14700
7879
30266
20881
6808
15667
21966
29285
1076
9119
19298
27849
23920
31451
13709
17372
25719
3210
11041
24616
18307
12158
2261
32388
22831
12754
5753
21152
29963
7670
14941
19468
27559
858
9457
28664
18515
8366
1797
22271
15874
6569
10256
4027
26438
16621
14012
4375
31210
24129
5448
13027
32181
3044
11343
17586
25369
6272
16171
22486
28797
1580
8583
18810
28369
9688
627
27278
19749
15220
7391
29730
21385
25136
17819
11622
2765
31900
23351
13258
5217
24424
30915
4158
14229
16836
26223
3730
10553
28128
19019
8886
1309
29516
21735
15386
7089
20664
30483
8174
14405
19988
27071
322
9961
5968
22534
32685
2556
11863
18090
24833
10760
3491
25950
17141
13476
4879
23641
29248
21995
15638
6845
27884
19271
9146
1041
20248
26803
78
10213
20916
30239
7906
14665
2288
12123
18342
24589
5724
12791
22794
32417
13736
4611
31486
23893
11012
3247
25682
17401
1824
8331
18550
28637
6540
15911
22234
29041
14968
7635
29998
21125
9428
895
27522
19497
32144
12998
5485
25404
17559
11370
3009
16584
26467
3998
10293
24164
31183
4402
13977
7168
15275
21334
29949
684
19962
27217
8536
1779
28174
18853
16372
6239
28834
22281
26288
16667
10726
3661
30748
24503
14154
23528
31811
5310
13077
17732
25327
2578
11705
26976
20171
9782
413
30668
20583
14490
7985
21560
29587
7022
15557
19092
27967
1474
8809
5072
13435
23686
31533
3452
10967
16938
25985
11912
2339
25054
18037
12324
6031
32626
22745
30400
20843
14742
7741
26732
20423
10042
145
19352
27699
1230
9061
21812
29343
6754
15817
3184
11227
17190
25741
4828
23946
31265
12584
5763
32382
22997
12164
2095
24786
18297
928
19702
15015
21082
30193
16120
6483
29102
22021
8276
2047
28418
18601
30992
24251
13894
4589
26556
16407
10474
3905
17480
25571
2846
11445
23268
32079
5554
12825
18816
28203
1750
8573
22316
16337
29912
15246
27252
19935
9506
649
13104
31846
11676
2615
25290
3688
10691
16702
26261
14191
24466
30777
15584
29622
21533
8780
1511
440
9747
20206
26949
7956
14527
20546
30697
18000
25083
2310
22780
32599
6058
12289
31496
23715
13406
5109
26020
16911
10994
3417
9024
1259
27670
19389
15852
29370
7704
14771
20814
30437
180
10015
20450
26697
23024
32347
12557
18268
24823
2058
12193
25768
17155
11262
3157
31236
23983
13650
4857
22048
29067
6518
16093
18572
28455
2010
8305
27512
19667
9262
901
30164
21119
14978
7465
11408
2875
25542
17517
12860
5527
32106
23233
13923
24222
31029
3940
10447
16434
26521
14080
4267
30806
24573
3591
26362
16721
2648
11763
17678
25253
5364
13151
23458
31753
19888
27163
9549
21276
29879
7242
15329
28904
22339
16318
6165
28228
18927
8466
1721
16992
26059
3382
10909
23756
31591
13361
32568
22675
12398
6085
17983
11970
2409
14544
8059
30598
20525
9852
471
26922
20097
1416
8739
19166
28021
6948
15503
21618
29657
24000
31339
4758
13629
17260
25799
3130
11153
24728
18227
12238
2149
32308
22943
12642
5833
10096
219
26662
14812
7799
30346
20769
6696
15747
21886
29397
1156
9007
19410
27769
10400
3851
26614
16477
13836
4519
31066
24305
5624
23214
32005
2900
17410
21008
30139
7494
15085
19644
27415
1002
28488
18659
8222
1973
29156
22095
16050
6425
25216
17707
11734
2685
31788
23431
13178
5329
24536
30835
4238
14117
16756
26335
3618
6192
16283
22374
28877
1692
8503
18890
28257
9576
707
27198
19861
15300
7279
29842
21305
6112
12363
22710
32541
2380
12007
17946
25009
10936
3347
26094
16965
13332
5055
31554
23785
27984
19195
8710
1453
29692
21591
15530
6913
20488
30627
8030
14581
20132
26895
498
9817
2112
12267
18198
24765
12615
22970
32273
13592
4787
31310
24037
11188
3103
25826
17225
29424
21851
15782
6669
27740
19447
8970
1185
20392
26627
254
10069
20740
30383
7762
32032
23179
12918
5597
25484
17447
11482
2929
16504
26579
3886
10373
24276
31103
4482
1936
8251
18630
28525
6460
16023
22122
29121
15048
7523
30110
21045
9316
975
27442
19609
28075
1366
8957
21676
29447
15441
30552
20723
14350
8101
27124
20063
9890
265
12464
5915
32742
11804
2487
24906
18145
3560
10819
17086
25877
4932
13551
23570
31673
16224
6347
28726
22429
8652
1639
28314
18737
568
9619
19822
27333
7316
15167
21442
29801
25211
2694
11565
23420
31959
5162
13185
30856
24355
14302
26148
16783
10610
3801
8384
1899
28566
18493
15980
6599
28986
22161
7576
14899
21198
30053
820
9375
19554
27593
32219
5414
12941
17628
25463
11297
26408
16515
10366
4053
31108
24111
14034
4473
21920
29195
6902
15709
19212
27815
1114
9201
26872
20307
10158
5
30292
20991
14594
7849
12048
2235
24646
18413
5655
32490
22849
4680
13795
23838
31413
3300
11087
17330
25625
8064
14379
20694
30589
300
9863
20090
27089
8920
1395
18981
15476
7135
29474
21641
25904
17051
10854
3533
13514
32707
5950
12437
18116
24943
2450
11833
27360
19787
9654
541
29772
21479
15130
7345
22456
28691
6382
16197
18708
28351
1602
8681
14331
24326
30893
3836
10583
16810
26113
11528
2723
25182
17909
13220
5135
31986
23385
30016
21227
14870
7613
27628
19527
9402
785
18456
28595
1870
22196
28959
6626
15945
4080
10331
16550
26381
4444
14071
24074
31137
12968
5379
32254
23125
11268
2991
25426
17657
32
10123
20342
26845
7820
14631
20954
30321
15736
6867
29230
21893
9172
1151
27778
19241
23867
13766
4717
25660
17303
11114
3265
18376
24675
2206
12085
22884
32463
5682
12697
24832
18091
11862
2557
32684
22535
12538
5969
23640
31731
4878
13477
17140
25951
3490
10761
7088
21734
29517
1308
8887
19018
28129
9960
323
27070
19989
14404
8175
30482
20665
5216
13259
23350
31901
2764
11623
17818
25137
10552
3731
26222
16837
14228
4159
30914
24425
28368
18811
8582
1581
28796
16170
6273
21384
29731
15221
19748
27279
626
9689
3008
11371
17558
25405
12999
32145
13976
4403
31182
24165
10292
3999
26466
16585
29040
22235
15910
6541
28636
18551
8330
1825
19496
27523
894
9429
21124
29999
7634
14969
32416
22795
12790
5725
24588
18343
12122
2289
17400
25683
11013
23892
31487
4610
13737
1040
9147
19270
27885
6844
15639
21994
29249
7907
30238
20917
10212
79
26802
20249
13440
4907
31702
23677
10796
3463
25978
17105
2520
11891
18062
24869
6004
12511
22562
32649
20016
27035
358
9933
20636
8138
14433
29544
21699
15422
7061
28100
19055
8850
1337
16864
26187
3766
10525
24396
30951
4122
14257
31928
23315
13294
5189
25108
17855
11586
2793
15184
7419
29702
21421
9724
599
27306
19713
1544
8611
18782
28405
6308
22514
28761
24128
31211
4374
14013
16620
26439
4026
10257
25368
17587
11342
3045
32180
13026
5449
9456
859
27558
19469
14940
7671
29962
21153
6568
15875
22270
29013
8367
18514
28665
11040
3211
25718
17373
13708
23921
5752
12755
22830
32389
2260
12159
18306
24617
20880
30267
7878
20284
26775
106
10177
19299
9118
1077
21967
6809
26624
30380
14842
7761
21848
29427
6670
15781
19444
27743
8969
13595
24038
31309
3100
11191
17226
25825
12264
2115
24766
18197
12612
5871
32274
22969
7520
15051
21046
30109
972
9319
27441
8248
1939
18629
16020
6463
29122
22121
26576
16507
10374
3885
31100
24279
13866
4481
23176
32035
5598
12917
17444
25487
2930
11481
704
9579
19862
27197
7276
15303
21306
16280
6195
28878
22373
8500
1695
28258
18889
30832
24539
14118
4237
26332
16759
10634
3617
17704
25219
2686
11733
23428
31791
5330
13177
30624
20491
14582
8029
26892
20135
9818
497
19192
27987
1454
8709
21588
29695
6914
15529
3344
10939
16966
26093
5052
13335
23786
31553
12360
6115
32542
22709
12004
25010
17945
15744
6699
29398
21885
9004
27770
19409
216
10099
20366
26661
14815
20770
30345
18224
24731
2150
12237
22940
32311
12641
31336
24003
13630
4757
25796
17263
11154
3129
18656
28491
1974
8221
22092
29159
16049
30136
21011
15086
7493
27412
19647
9282
1001
12880
5627
32006
23213
11516
2903
25514
17409
3848
10403
16478
26613
4516
13839
24306
31065
22336
28907
16317
18924
28231
1722
27160
19891
9550
741
29876
15330
7241
11760
2651
25254
17677
13148
5367
31754
23457
4264
14083
24574
30805
3588
10671
16722
8736
1419
28022
19165
29658
21617
8056
14547
20526
30597
468
9855
20098
26921
22672
32571
6086
12397
17980
24983
2410
11969
26056
16995
10910
3381
31588
23759
13362
17152
25771
3158
11261
23980
31239
4858
13649
32344
23027
12558
5797
24820
18271
12194
14768
7707
30438
20813
10012
183
26698
20449
1256
9027
19390
27669
6724
15855
21778
29369
13920
4555
31030
24221
10444
3943
26522
16433
2872
11411
17518
5524
12863
23234
32105
19664
27515
902
9261
21116
30167
7466
14977
29064
22051
16094
6517
28452
18575
8306
2009
10688
3691
26262
16701
14188
4295
30778
24465
5272
13107
23502
31845
2612
11679
17762
25289
21360
29915
7206
15245
19932
27255
650
9505
28200
18819
8574
1749
28804
22319
16338
23712
31499
5110
13405
16908
26023
3418
10993
25080
18003
11950
2309
32596
22783
12290
6057
9744
443
26950
20205
14524
7959
30698
20545
6984
15587
21534
1508
8783
19122
27929
5760
12587
22998
32381
2092
12167
18298
24785
11224
3187
25742
17189
13684
4831
31266
23945
27696
19355
9062
1229
29340
21815
15818
6753
30403
7742
14741
20420
26735
146
10041
25568
17483
11446
2845
32076
23271
12826
5553
24248
30995
4590
13893
16404
26559
3906
10473
6480
16123
22022
29101
2044
8279
18602
28417
9224
931
27486
19701
15012
7439
30194
21081
31808
23531
13078
5309
25324
17735
11706
2577
26291
3662
10725
24500
30751
4322
14153
1776
8539
18854
28173
6236
16375
22282
28833
15272
7171
29950
21333
9476
687
27218
19961
2336
11915
18038
25053
6028
12327
22746
32625
13432
5075
31534
23685
10964
3455
25986
16937
21563
15558
7021
27964
19095
8810
1473
20168
26979
414
9781
20580
30671
7986
14489
15872
6571
29014
22269
8364
1799
28666
18513
856
9459
19470
27557
7668
14943
21154
29961
17584
25371
3046
11341
32183
5450
13025
31208
24131
14014
4373
26436
16623
10258
4025
19296
27851
1078
9117
21964
29287
6810
15665
30264
20883
14702
7877
26772
20287
10178
105
12752
5755
32390
22829
12156
2263
24618
18305
3208
11043
17374
25717
4644
13711
23922
21696
29547
7062
15421
28103
1338
8849
27032
20019
9934
357
30516
20639
14434
8137
11888
2523
24870
18061
12508
6007
32650
22561
4904
13443
23678
31701
3460
10799
17106
25977
8608
1547
28406
18781
16140
6311
28762
22513
7416
15187
21422
29701
596
9727
19714
27305
23312
31931
5190
13293
17852
25111
2794
11585
26184
16867
10526
3765
30948
24399
14258
4121
27520
19499
9430
893
29996
21127
14970
7633
22232
29043
6542
15909
18548
28639
1826
8329
13979
3996
10295
16586
26465
11368
3011
25406
17557
12996
5487
32146
7904
14667
20918
30237
76
20250
26801
9144
1043
27886
19269
15636
6847
29250
21993
25680
17403
11014
3245
31484
23895
13738
22792
32419
5726
12789
18340
24591
2290
12121
320
9963
19990
27069
14407
20666
30481
15384
7091
29518
21733
8884
1311
28130
19017
31728
23643
13478
4877
25948
17143
10762
3489
18088
24835
2558
11861
32687
5970
12537
29728
21387
15222
7389
27276
19751
9690
625
18808
28371
1582
8581
28799
16169
3728
10555
16838
26221
4156
14231
24426
30913
13256
5219
31902
23349
11620
2767
25138
17817
5376
12971
23126
32253
2988
11271
17658
25425
10328
4083
26382
16549
14068
4447
31138
24073
28592
18459
8422
1869
28956
22199
15946
6625
30019
14869
27631
9401
24672
18379
12086
2205
32460
22887
12698
5681
23864
31379
4718
13765
17300
25663
3266
11113
6864
15739
21894
29229
1148
9175
19242
27777
10120
35
20341
14628
7823
30322
20953
32704
22635
12438
5949
24940
18119
11834
2449
17048
25907
3534
10853
23604
31647
4962
13513
1392
8923
18982
28045
7132
15479
21642
29473
14376
303
27090
20089
2720
11531
17910
25181
5132
13223
23386
31985
14328
4179
30894
24325
3839
26114
16809
28688
16198
28348
18711
8682
1601
19784
27363
542
9653
21476
29775
7346
15129
16512
26411
4054
10365
24108
31111
4474
14033
32216
23155
12942
5413
25460
17631
11298
2953
14896
7579
30054
9372
823
27594
19553
1896
8387
18494
15983
28985
13792
4683
31414
23837
11084
3303
25626
17329
2232
12051
18414
24645
5652
12735
22850
32489
20304
26875
6
10157
20988
30295
7850
14593
29192
21923
15710
6901
27812
19215
9202
1113
10816
25878
17085
13548
4935
31674
23569
5912
12467
22606
32741
2484
11807
18146
24905
20720
30555
14349
20060
27127
266
9889
28072
18947
8958
1365
29444
24352
30859
4214
14301
16780
26151
3802
10609
25208
17875
11566
2693
31956
23423
13186
5161
9616
571
27334
19821
15164
7319
29802
21441
16227
28725
1636
8655
18738
28313
17408
25515
2902
11517
23212
32007
5626
12881
31064
24307
13838
4517
26612
16479
10402
3849
16048
6427
29158
22093
8220
1975
28490
18657
1000
9283
19646
27413
7492
15087
30137
12640
5835
32310
22941
12236
2151
24730
18225
3128
11155
17262
25797
4756
13631
24002
31337
19408
27771
1158
9005
21884
29399
6698
15745
30344
20771
7797
26660
20367
10098
217
11968
24982
17981
12396
6087
32570
22673
5016
13363
23758
31589
3380
10911
26057
21616
29659
6950
15501
19164
28023
1418
8737
26920
20099
9854
469
30596
20527
14546
8057
23456
31755
5366
13149
17676
25255
2650
11761
26360
16723
3589
30804
24575
14082
4265
8464
1723
28230
18925
16316
6167
28906
22337
7240
15331
21278
29877
740
9551
19890
27161
4480
13867
24278
31101
3884
10375
16506
26577
11480
2931
25486
17445
12916
5599
32034
23177
27440
19611
9318
973
30108
21047
15050
7521
22120
29123
6462
16021
18628
28527
1938
8249
25824
17227
11190
3101
31308
24039
13594
22968
32275
12613
18196
24767
2114
12265
7760
14843
20742
30381
252
10071
20394
26625
8968
1187
27742
19445
15780
6671
29426
21849
31552
23787
13334
5053
26092
16967
17944
25011
2382
12005
22708
32543
6114
12361
496
9819
20134
26893
14583
20490
30625
15528
29694
8708
1455
27986
19193
3616
10635
16758
26333
24538
30833
13176
5331
31790
23429
11732
2687
25218
17705
29840
15302
7277
27196
19863
9578
705
18888
28259
1694
8501
22372
28879
16281
28416
18603
8278
2045
29100
22023
16122
6481
21080
30195
7438
15013
19700
27487
930
9225
5552
12827
23270
32077
2844
11447
17482
10472
3907
26558
16405
13892
4591
30994
24249
6752
15819
21814
29341
1228
9063
19354
147
26734
20421
14740
30402
20841
24784
18299
12166
2093
32380
22999
12586
5761
23944
31267
4830
13685
17188
25743
3186
11225
8811
19094
27965
15559
21562
29585
14488
7987
30670
20581
9780
415
26978
20169
32624
22747
12326
6029
25052
18039
11914
2337
16936
25987
3454
10965
23684
31535
5074
13433
28832
22283
16374
6237
28172
18855
8538
1777
686
9477
21332
29951
7170
2576
11707
17734
25325
5308
13079
23530
31809
14152
4323
24501
3663
26290
16665
14976
7467
30166
21117
9260
903
27514
19665
2008
8307
18574
28453
6516
16095
22050
29065
16432
26523
3942
10445
31031
4554
13921
32104
23235
12862
5525
17519
11410
2873
20448
26699
182
10013
20812
30439
7706
14769
29368
21779
15854
6725
27668
19391
9026
1257
13648
4859
31238
23981
11260
3159
25770
17153
2056
12195
18270
24821
5796
12559
23026
32345
20544
30699
7958
14525
20204
26951
442
9745
27928
19123
8782
1509
21535
15586
6985
10992
3419
26022
16909
13404
5111
31498
23713
6056
12291
22782
32597
2308
11951
18002
25081
9504
651
27254
19933
15244
29914
21361
6264
16339
22318
28805
1748
8575
18818
28201
24464
30779
4294
14189
16700
26263
3690
10689
25288
17763
11678
2613
31844
23503
13106
5273
4608
13739
23894
31485
3244
11015
17402
25681
12120
2291
24590
18341
12788
5727
32418
22793
26800
20251
10214
77
30236
20919
14666
7905
29251
6846
15637
19268
27887
1042
9145
26464
16587
10294
3997
31180
24167
13978
4401
23096
32147
5486
12997
17556
25407
3010
11369
7632
14971
21126
29997
892
9431
19498
27521
8328
1827
28638
18549
15908
6543
29042
22233
30912
24427
14230
4157
26220
16839
10554
3729
25139
2766
11621
23348
31903
5218
13257
624
9691
19750
27277
7388
15223
21386
29729
16168
28798
22485
8580
1583
28370
18809
3488
10763
17142
25949
4876
13479
23642
31729
12536
5971
32686
22533
11860
2559
24834
18089
30480
20667
14406
8173
27068
19991
9962
321
19016
28131
1310
8885
21732
29519
7090
15385
18304
24619
2262
12157
22828
32391
5754
12753
31448
23923
13710
4645
25716
17375
11042
3209
15664
6811
29286
21965
9116
1079
27850
19297
104
10179
20286
26773
7876
14703
20882
30265
13024
5451
32182
11340
3047
25370
17585
4024
10259
16622
26437
4372
14015
24130
31209
18512
28667
1798
8365
29015
6570
15873
29960
21155
14942
7669
27556
19471
9458
857
11584
2795
25110
17853
13292
31930
23313
4120
14259
24398
30949
3764
10527
16866
26185
22512
28763
16141
18780
28407
1546
8609
27304
19715
597
29700
15186
22560
32651
6006
12509
18060
24871
2522
11889
25976
17107
10798
3461
31700
23679
13442
4905
8848
1339
28102
19053
15420
7063
29546
21697
8136
14435
20638
30517
356
9935
20018
27033
14592
7851
30294
20989
10156
26874
20305
1112
9203
19214
27813
6900
15711
21922
29193
17328
25627
3302
11085
23836
31415
4682
13793
32488
22851
12734
5653
24644
18415
12050
2233
19552
822
9373
21196
30055
7578
14897
28984
22163
15982
6597
28564
18495
8386
1897
14032
4475
31110
24109
10364
4055
26410
16513
2952
11299
17630
5412
12943
23154
32217
21440
29803
7318
15165
19820
27335
570
9617
28312
18739
8654
1637
28724
22431
16226
6345
10608
3803
26150
16781
14300
30858
24353
5160
13187
23422
31957
2692
11567
17874
25209
9888
267
27126
20061
14348
30554
20721
7160
15443
21678
29445
1364
8959
18946
28073
23568
31675
4934
13549
17084
25879
3562
10817
24904
18147
11806
2485
32740
22607
5913
27776
19243
9174
1149
29228
21895
15738
20952
30323
7822
14629
20340
26847
34
10121
5680
12699
22886
32461
2204
12087
18378
24673
11112
3267
25662
17301
13764
4719
23865
6624
15947
22198
28957
1868
8423
18458
28593
9400
787
27630
19525
14868
7615
30018
21225
25424
17659
11270
2989
32252
23127
5377
24072
31139
4446
14069
16548
26383
4082
10329
1600
8683
18710
28349
6380
16199
22458
28689
15128
7347
29774
21477
9652
543
27362
31984
23387
13222
5133
25180
17911
11530
2721
16808
26115
3838
10581
24324
30895
4178
14329
21643
15478
7133
28044
18983
8922
1393
20088
27091
302
9861
20692
30591
8066
14377
2448
11835
18118
24941
5948
22634
32705
13512
31646
23605
10852
3535
25906
17049
24576
12118
2301
32428
22791
12794
5713
23896
31475
4622
13733
17396
25695
3234
11017
6832
15643
21990
29261
1052
9143
19274
27873
10216
26814
20245
14660
7919
30226
5472
13003
23094
32157
3020
17562
25393
10296
3987
26478
16581
13972
4415
31170
24169
28624
18555
8326
1837
29052
22231
15914
6529
21128
29987
7646
14965
19492
27535
882
9433
2752
11627
17814
25149
5228
13255
23354
31889
14232
4147
30926
24421
10548
3743
26210
16841
28784
22491
16166
6285
28380
18807
8586
1569
19752
27267
638
9685
21380
29743
7378
15225
32672
22539
12534
5981
24844
18087
11866
2545
17144
25939
3502
10757
23636
31743
4866
13481
1296
8891
28141
7100
15383
21738
29505
14408
8163
30494
20661
9956
335
27058
19993
13696
4651
31446
23933
11052
3207
25722
17361
2264
12147
18318
24613
5748
12767
22818
32393
20272
26779
102
20892
30263
7882
14689
29288
21955
15678
6805
27844
19311
9106
1081
16608
26443
4022
10269
24140
31207
4378
14001
32184
13038
5445
25364
17599
11330
3049
14928
7675
29958
21165
9468
855
27562
19457
1800
8355
18526
28661
6564
15887
22258
29017
24384
30955
4118
16876
26183
3770
10513
25112
17843
2789
31924
23327
13282
5193
9712
603
27302
19725
15196
7415
29706
21409
16131
22526
28757
1540
8623
18770
28409
10784
3467
25974
17117
13452
4903
31706
23665
6008
12499
22574
32645
2516
11903
18050
24873
20624
30523
8134
14445
20028
27031
362
9921
28104
8862
1333
29540
21711
15410
7065
19200
27819
1110
9213
21932
29191
6906
15697
30296
20979
14606
7845
26868
20319
10146
9
12720
5659
32486
22861
12060
2231
24650
18401
3304
11075
17342
25621
4676
13807
31417
15968
6603
22173
1895
18481
19566
7572
14911
21186
30057
17616
25467
2950
23164
32215
5418
12929
31112
24099
4469
26404
16527
10354
4057
1643
28310
18749
16236
6343
28730
22417
7320
21454
29797
564
9631
19810
27337
23408
31963
5158
13197
17884
25207
2698
26152
16771
10622
3797
30852
24367
14290
4217
21664
29451
7158
15453
18956
28071
1370
27128
20051
30548
14338
8105
11792
2491
24902
18157
12476
5911
32746
22593
4936
13539
23582
31669
3556
10831
17074
25881
7808
14635
20950
30333
10119
20346
26833
9176
1139
27790
15732
6879
29218
21897
25648
17307
11110
3277
31388
23863
13770
4705
22888
32451
5694
12693
18372
24687
2194
12089
19531
9398
797
30028
21223
14874
7601
22200
28947
6638
15941
18452
28607
1858
4432
14075
24070
31149
4092
10327
16554
26369
11272
2979
25438
17653
12964
5391
32242
23129
29760
21483
15126
7357
27372
19783
9658
529
18712
28339
1614
8677
22452
28703
6370
3824
10587
16806
26125
14327
24330
30881
13224
5123
31998
23381
2735
25170
17913
288
9867
20086
27101
8076
14375
20698
30577
15480
7123
29486
21637
8916
1407
28034
18985
31632
23611
13510
4973
25916
17047
10858
3521
18120
24931
2462
11829
22628
32719
5938
13824
4523
31062
24317
10412
3847
26618
16465
2904
11507
17422
25509
5620
12895
23202
32009
27419
998
21020
30135
7498
15073
29160
22083
16062
6421
28484
18671
8210
1977
17248
25803
3126
11165
24012
31335
4762
13617
32312
22931
12654
5829
24724
18239
12226
2153
14800
7803
30342
20781
10108
215
26666
20353
1160
8995
19422
27765
6692
15759
21874
29401
23744
31595
5014
13373
17004
26055
3386
10897
24984
17971
11982
2405
32564
22687
12386
6089
9840
475
26918
20109
14556
8055
30602
20513
6952
15491
21630
29653
1412
8751
19154
28025
3595
26358
16733
14092
4263
30810
24561
5368
13139
23470
31749
2644
11775
17666
25257
21264
29883
7238
15341
19900
27159
746
9537
28232
18915
8478
1717
28900
22351
16306
6169
25472
17451
11478
2941
32044
12922
5585
24280
31091
4494
13861
16500
26591
3874
10377
16027
22118
29133
1948
8247
28513
9320
963
27454
19605
15044
7535
30098
21049
5856
12619
22966
32285
2124
12263
18202
24753
11192
3091
17221
13588
4799
31298
24041
27728
19451
8966
1197
21847
15786
6657
20744
30371
7774
20388
26639
242
10073
12011
17942
25021
6124
12359
22714
32529
13336
5043
31566
23781
10932
3359
26082
16969
29680
21595
15526
6925
27996
19191
8714
1441
20136
26883
510
9813
20484
30639
8018
14585
31776
23435
13174
5341
25228
17703
11738
2673
16760
26323
3630
24532
30847
4226
14121
1680
8507
18886
28269
6204
16279
22378
28865
15304
7267
29854
21301
9572
719
27186
19865
7424
15019
21078
30205
940
19706
8280
2035
28430
18597
16116
6495
29090
22025
26544
16411
10470
3917
31004
24247
13898
4577
23272
32067
5566
12821
17476
25583
2834
11449
157
30412
20839
14746
7729
21816
29331
6766
15813
19348
1218
9065
4816
13691
23942
31277
3196
11223
17194
25729
12168
2083
24798
18293
12580
5775
23001
30656
20587
14486
7997
26988
20167
9786
401
19096
27955
8805
21556
29599
7010
15561
3440
10971
16934
25997
5084
13431
23690
31521
12328
6019
32638
22741
11908
2351
25042
18041
672
9483
19958
27229
7180
15271
21338
29937
16376
6227
28846
22277
8532
1791
28162
18857
30736
24507
14150
4333
26300
16663
10730
3649
17736
25315
2590
11701
23524
31823
5298
13081
18560
28459
2006
8317
22060
29063
6522
16081
21107
14990
7461
27508
19679
9250
905
12848
5531
32102
23245
11420
2871
25546
17505
3944
10435
16446
26517
4548
13935
24210
31033
15840
6731
29366
21789
9036
1255
19377
184
10003
20462
26693
7700
14783
20802
30441
18256
24827
2054
12205
23036
32343
5802
31240
23971
13662
4853
25764
17167
11250
3161
8768
1515
27926
19133
15596
6983
21521
7960
14515
20558
30693
436
9759
20194
26953
22768
32603
6054
12301
18012
25079
2314
11937
26024
16899
11006
3413
31492
23727
13394
5113
22304
28811
6262
16349
18828
28199
1754
27256
19923
9518
645
29908
21375
15234
7209
11664
2619
25286
17773
13116
5271
31850
23489
4296
14179
24478
30773
10703
16690
26265
19456
854
9469
21164
29959
7674
14929
29016
22259
15886
6565
28660
18527
1801
14000
4379
31206
24141
10268
4023
26442
16609
3048
11331
17598
25365
5444
13039
23058
32185
14688
7883
30262
103
20273
1080
19310
27845
6804
15679
21954
29289
17360
25723
3206
11053
23932
31447
4650
13697
32392
22819
12766
5749
24612
18319
12146
2265
9920
363
27030
20029
14444
8135
30522
20625
7064
15411
21710
29541
1332
8863
19042
28105
23664
31707
4902
13453
17116
25975
3466
10785
24872
18051
11902
2517
32644
22575
12498
6009
21408
29707
7414
19724
602
28408
18771
1541
28756
22527
16130
6313
10512
3771
26182
16877
14268
4119
30954
24385
5192
13283
23326
31925
2788
11599
17842
25113
6528
15915
22230
29053
1836
18554
28625
9432
883
19493
14964
7647
29986
21129
25392
17563
11366
3021
32156
13002
5473
24168
31171
4414
13973
16580
26479
3986
10297
29260
15642
6833
20920
30227
7918
14661
20244
66
10217
5712
12795
22790
32429
2300
12119
18346
24577
11016
3235
25694
17397
13732
4623
31474
23897
29504
21739
15382
7101
28140
8890
1297
19992
27059
334
9957
20660
30495
8162
14409
2544
11867
18086
24845
5980
12535
22538
32673
13480
4867
31742
23637
10756
3503
25938
17145
1568
18806
16167
22490
15224
7379
29742
21381
9684
639
27266
19753
31888
23355
13254
5229
25148
17815
11626
2753
16840
26211
3742
10549
24420
30927
4146
14233
26368
16555
10326
4093
31148
24071
14074
4433
23128
32243
12965
17652
25439
2978
11273
7600
14875
21222
30029
796
9399
19530
1859
28606
18453
15940
6639
28946
22201
4704
13771
23862
31389
11111
17306
25649
2195
24686
18373
12692
5695
32450
22889
26832
20347
10118
45
30332
20951
14634
7809
21896
29219
6878
15733
27791
1138
9177
3520
10859
17046
4972
13511
23610
31633
12440
32718
22629
11828
2463
24930
30576
20699
14374
8077
27100
20087
9866
289
18984
28035
1406
8917
21636
29487
7122
15481
30880
24331
14326
4189
26124
16807
3825
17912
2734
23380
31999
5122
13225
528
9659
19782
27373
7356
21482
29761
16200
6371
28702
22453
8676
1615
28338
18713
12928
5419
32214
23165
11308
2951
25466
17617
4056
10355
16526
26405
4468
14047
24098
31113
18480
28571
1894
8397
22172
28983
6602
15969
30056
21187
14910
7573
27588
19567
9362
825
18400
24651
2230
12061
22860
32487
5658
12721
31416
13806
4677
25620
17343
11074
3305
15696
6907
29190
21933
9212
1111
27818
19201
8
10147
20318
26869
7844
14607
20978
30297
22592
32747
5910
12477
18156
24903
2490
11793
25880
17075
10830
3557
31668
23583
13538
4937
8944
1371
28070
18957
15452
7159
29450
21665
8104
14339
20734
30549
260
9903
20050
27129
11552
2699
25206
17885
13196
5159
31962
23409
4216
14291
24366
30853
3796
16770
26153
22416
28731
6342
16237
18748
28311
1642
8641
27336
9630
565
29796
21455
15154
7321
6656
15787
21846
29437
8967
19450
27729
10072
243
26638
20389
14836
7775
30370
20745
24752
18203
12262
2125
32284
22967
12618
5857
24040
31299
4798
13589
17220
25839
3090
11193
28512
18635
8246
1949
29132
22119
16026
6449
21048
30099
7534
15045
19604
27455
962
9321
5584
12923
23174
32045
2940
11479
17450
25473
10376
3875
26590
16501
13860
4495
31090
24281
28864
22379
16278
6205
28268
18887
8506
1681
19864
27187
718
21300
29855
7266
15305
2672
11739
17702
25229
5340
13175
23434
31777
14120
4227
30846
24533
10628
3631
26322
16761
1440
8715
19190
27997
6924
15527
21594
29681
14584
8019
30638
20485
9812
511
26882
20137
32528
22715
12358
6125
25020
17943
12010
2369
16968
26083
3358
10933
23780
31567
5042
13337
20352
26667
214
10109
20780
30343
7802
14801
29400
21875
15758
6693
27764
19423
8994
1161
13616
4763
31334
24013
11164
3127
17249
2152
12227
18238
24725
5828
12655
22930
32313
15072
7499
30134
21021
999
19633
1976
8211
18670
28485
6420
16063
22082
29161
16464
26619
3846
10413
31063
4522
32008
23203
12894
5621
25508
17423
11506
2905
9536
747
27158
19901
15340
7239
29882
21265
6168
16307
22350
28901
1716
8479
18914
28233
24560
30811
4262
14093
16732
26359
3594
25256
17667
11774
2645
31748
23471
13138
5369
20512
30603
8054
14557
20108
26919
474
28024
19155
8750
1413
29652
21631
15490
6953
10896
3387
26054
17005
13372
5015
6088
12387
22686
32565
2404
11983
17970
24985
12544
5803
32342
23037
12204
2055
24826
18257
3160
17166
25765
4852
13663
23970
31241
19376
1254
9037
21788
29367
6730
15841
30440
20803
14782
7701
26692
20463
10002
185
17504
25547
2870
11421
23244
32103
5530
31032
24211
13934
4549
26516
16447
10434
3945
16080
6523
29062
22061
8316
2007
28458
18561
904
19678
7460
14991
21106
30169
23488
31851
5270
13117
17772
25287
2618
11665
26264
16691
3685
30772
24479
14178
4297
8560
1755
28198
18829
16348
6263
28810
22305
7208
15235
21374
29909
644
9519
19922
27257
11936
2315
25078
18013
12300
6055
32602
22769
13395
23726
31493
3412
11007
16898
26025
21520
6982
15597
19132
27927
1514
8769
20195
9758
437
30692
20559
14514
7961
25728
17195
11222
3197
31276
23943
13690
4817
23000
5774
12581
18292
24799
2082
12169
7728
14747
20838
30413
156
10039
20426
26721
9064
1219
27710
19349
15812
6767
29330
21817
4576
13899
24246
31005
3916
10471
16410
26545
11448
2835
17477
12820
5567
32066
23273
27472
19707
9222
941
30204
21079
15018
7425
22024
29091
6494
16117
18596
28431
2034
8281
10731
16662
26301
4332
14151
24506
30737
13080
5299
31822
23525
11700
2591
25314
17737
29936
21339
7181
27228
19959
9482
673
18856
28163
1790
8533
22276
28847
16377
31520
23691
13430
5085
25996
16935
10970
3441
18040
25043
2350
11909
22740
32639
6018
12329
400
9787
20166
26989
7996
14487
20586
30657
7011
21557
1487
27954
19097
8107
30550
20733
9900
27130
1368
8947
28069
15455
21666
29449
17072
25883
10829
23580
31671
4938
13537
32744
22595
12478
5909
24900
18159
11794
2489
19808
27339
566
9629
21452
29799
7322
15153
28728
22419
16238
6341
28308
18751
8642
1641
14288
4219
30854
24365
10620
3799
16769
2696
11555
17886
25205
5156
13199
23410
31961
21184
30059
7574
14909
19564
27591
826
9361
28568
18483
1893
28980
22175
15970
6601
10352
4059
26406
16525
14044
4471
31114
24097
5416
12931
23166
32213
2948
11311
17618
25465
10144
26870
20317
14604
7847
30298
20977
6904
15699
21934
29189
1108
9215
19202
27817
23824
31419
4678
13805
17340
25623
3306
11073
24648
18403
12062
2229
32484
22863
12722
5657
28032
8918
1405
29484
21639
15482
20696
30579
8078
14373
20084
27103
290
9865
5936
12443
32717
2460
11831
18122
24929
10856
3523
25918
17045
13508
4975
31634
23609
6368
16203
22454
28701
1612
8679
18714
28337
9656
531
27374
19781
7359
29762
21481
25168
17915
2733
31996
23383
13226
5121
24328
30883
14325
16804
26127
3826
10585
1856
28605
6636
15943
22202
28945
14872
7603
30030
21221
9396
799
27618
19529
32240
23131
12966
5389
25436
17655
11274
2977
16552
26371
4094
10325
24068
31151
4434
14073
29216
21899
15734
6877
27788
19239
9178
1137
20344
26835
10117
20948
30335
7810
14633
2192
12091
18374
24685
5692
12695
22890
32449
13768
4707
31390
23861
11108
3279
25650
17305
4864
13483
23638
31741
3500
10759
17146
25937
2547
24846
12532
32674
22537
27056
19995
9958
333
30492
20663
14410
8161
21736
29507
7102
15381
19012
28143
1298
26208
16843
10550
3741
30924
24423
14234
4145
23352
5230
13253
17812
25151
2754
7376
15227
21382
29741
636
9687
19754
27265
8584
1571
28382
18805
16164
6287
28786
22489
31168
24171
13974
4413
16583
10298
3985
3022
23092
32159
5474
13001
880
9435
19494
27533
7644
14967
21130
29985
15912
6531
22229
1839
28626
18553
11019
17398
25693
4620
13735
23898
31473
12792
5715
32430
22789
2303
18345
30224
20923
14662
7917
26812
20247
10218
65
19272
27875
1054
9141
21988
29263
15641
18048
24875
2518
11901
22572
32647
6010
12497
31704
23667
13454
4901
25972
10786
15408
7067
29542
21709
8860
1335
28106
19041
360
9923
20030
27029
8132
14447
20626
13280
5195
31926
23325
11596
2791
25114
17841
3768
16878
26181
4116
14271
24386
30953
18768
28411
1542
8621
22524
28759
6314
16129
29704
21411
15198
7413
27300
19727
9714
601
11328
3051
25366
17597
13036
5447
32186
23057
4376
14003
24142
31205
4020
10271
16610
26441
22256
29019
6566
15885
18524
28663
1802
8353
27560
19459
9470
853
29956
21167
14930
7673
22816
32395
5750
12765
18316
24615
2266
12145
25720
17363
11054
31444
23935
4649
9104
1083
27846
19309
15676
6807
29290
21953
7880
20894
30261
100
10191
20274
26777
28160
18859
8534
28844
22279
16378
6225
21336
29939
7182
15269
19956
27231
674
9481
5296
13083
23526
31821
2588
11703
17738
25313
10728
3651
26302
16661
14148
4335
30738
24505
7008
15563
21558
29597
1484
8807
19098
27953
9784
403
26990
20165
14484
7999
30658
20585
25040
18043
11910
2349
32636
22743
12330
6017
23688
31523
5086
13429
16932
25999
3442
10969
1216
9067
19350
27709
6764
15815
21818
29329
14744
7731
30414
20837
10036
159
26722
20425
32368
23003
12582
24796
18295
12170
2081
17192
25731
3198
11221
23940
31279
4818
13689
29088
22027
16118
6493
28428
18599
8282
2033
19704
27475
942
21076
30207
7426
15017
2832
11451
5564
12823
23274
32065
13896
4579
31006
24245
10468
3919
26546
16409
15232
7211
29910
9516
647
27258
19921
1752
8563
18830
28197
6260
16351
22306
28809
3686
10701
30775
14177
31848
23491
13118
5269
25284
17775
11666
2617
20192
26955
438
9757
20556
30695
7962
14513
29624
21523
15598
6981
27924
19135
8770
13392
5115
31494
23725
11004
3415
26026
16897
2312
18014
25077
6052
12303
22770
32601
20800
30443
7702
14781
20460
26695
186
10001
27672
19379
9038
1253
29364
21791
15842
6729
11248
3163
25766
17165
4855
31242
23969
5800
12547
23038
32341
2052
12207
18258
24825
9248
907
27510
19677
14988
7463
30170
21105
6520
16083
22062
29061
2004
8319
18562
28457
31035
4550
13933
16444
26519
3946
10433
17507
11422
2869
32100
23247
12850
5529
17664
25259
2646
11773
23468
31751
5370
13137
30808
24563
14094
4261
26356
16735
3593
16304
6171
28902
22349
8476
1719
28234
18913
744
9539
19902
27157
7236
15343
29881
12384
6091
32566
22685
11980
2407
24986
17969
3384
10899
26053
5012
13375
23746
31593
19152
28027
1414
8749
21628
29655
6954
15489
30600
20515
14558
8053
26916
20111
9842
473
12224
2155
24726
18237
12652
5831
32314
22929
4760
13619
24014
31333
3124
11167
17250
25801
21872
29403
6694
15757
19420
27767
1162
8993
26664
10110
213
30340
20783
14802
7801
23200
32011
5622
17420
2906
11505
16467
3845
31060
24319
13826
8208
1979
28486
18669
16060
6423
29162
22081
7496
15075
21022
30133
996
19634
27417
4224
14123
24534
30845
3628
16762
26321
11736
2675
25230
17701
13172
5343
31778
23433
27184
19867
9574
717
29852
21303
15306
7265
22376
28867
16277
28271
1682
8505
26080
16971
10934
3357
31564
23783
13338
5041
22712
32531
6126
12357
17940
2370
12009
8016
14587
20486
30637
508
9815
20138
26881
8712
1443
27998
19189
15524
6927
21593
31296
24043
13590
4797
25836
17223
11194
3089
18200
24755
2126
12261
22964
32287
5858
12617
240
10075
20390
26637
7772
20746
30369
15784
6659
29438
21845
8964
1199
27730
19449
3872
10379
16502
26589
4492
13863
24282
31089
5587
32046
23173
11476
2943
17449
30096
21051
15046
7533
27452
19607
9322
961
18632
28515
1950
8245
22116
6450
16025
5120
13227
23382
31997
2732
17914
25169
10584
3827
26126
16805
14324
4191
30882
24329
28336
18715
8678
1613
28700
22455
16202
6369
21480
29763
7358
15125
19780
27375
530
9657
24928
18123
11830
2461
32716
22631
12442
5937
23608
31635
4974
13509
17044
3522
10857
7120
15483
21638
29485
1404
8919
18986
28033
9864
291
27102
20085
14372
8079
30578
20697
32448
22891
12694
24684
18375
12090
2193
17304
25651
3278
11109
23860
31391
4706
13769
1136
9179
19238
27789
6876
15735
21898
29217
14632
7811
30334
20949
10116
47
26834
20345
2976
11275
17654
25437
5388
12967
23130
32241
14072
4435
31150
24069
10324
4095
26370
16553
28944
22203
15942
6637
28604
18455
1857
19528
27619
798
9397
21220
30031
7602
14873
16768
26155
3798
10621
24364
30855
14289
31960
23411
13198
5157
25204
17887
11554
2697
15152
7323
29798
21453
9628
567
27338
19809
1640
8643
18750
28309
6340
16239
22418
28729
13536
4939
31670
23581
10828
3559
25882
17073
2488
11795
24901
5908
12479
22594
32745
20048
27131
262
9901
20732
30551
8106
14337
29448
21667
15454
7157
28068
18959
8946
1369
11072
3307
25622
17341
13804
31418
23825
5656
12723
22862
32485
2228
12063
18402
24649
20976
30299
7846
14605
20316
26871
10
10145
27816
19203
9214
1109
29188
21935
15698
6905
24096
31115
4470
14045
16524
26407
4058
10353
17619
2949
32212
23167
12930
5417
9360
827
27590
19565
14908
7575
30058
21185
6600
15971
22174
28981
1892
8399
18482
28569
16128
6315
28758
22525
8620
1543
28410
18769
600
19726
7412
15199
21410
29705
17840
25115
2790
23324
31927
5194
13281
30952
24387
14270
4117
26180
16879
3769
19040
28107
1334
8861
21708
29543
7066
15409
30520
14446
8133
27028
20031
9922
12496
32646
22573
2519
24874
18049
3464
10787
17118
25973
4900
13455
23666
31705
21952
29291
15677
19308
27847
1082
26776
101
30260
20895
2267
18317
12764
5751
32394
22817
4648
13699
31445
17362
1803
28662
18525
15884
6567
22257
23056
32187
5446
3050
16611
4021
31204
24143
14002
4377
19755
9686
637
29740
21383
15226
7377
22488
28787
6286
16165
18804
28383
1570
8585
4144
14235
24422
30925
3740
16842
26209
11624
2755
25150
17813
13252
5231
31890
23353
8160
14411
20662
30493
332
9959
19994
27057
28142
19013
15380
7103
29506
25936
17147
10758
3501
23639
13482
4865
22536
32675
12533
18084
24847
2546
11865
64
10219
20246
26813
7916
14663
20922
30225
15640
29262
21989
9140
1055
27874
19273
31472
23899
13734
4621
25692
17399
11018
18344
24579
2302
22788
32431
5714
12793
29984
21131
14966
7645
27532
19495
9434
881
18552
28627
1838
22228
6530
15913
3984
10299
16582
4412
13975
24170
31169
13000
5475
32158
23093
11364
3023
17561
16896
26027
3414
11005
23724
31495
5114
13393
32600
22771
12302
6053
25076
18015
11938
2313
14512
7963
30694
20557
9756
439
26954
20193
1512
8771
19134
27925
6980
15599
21522
29625
14176
4299
30774
24477
10700
3687
26266
16689
2616
11667
17774
25285
5268
13119
23490
31849
19920
27259
646
9517
29911
7210
15233
28808
22307
16350
6261
28196
18831
8562
1753
10432
3947
26518
16445
13932
4551
31034
24209
5528
12851
23246
32101
2868
11423
17506
21104
30171
7462
14989
19676
27511
906
9249
28456
18563
8318
2005
29060
22063
16082
6521
23968
31243
4854
13661
17164
25767
3162
11249
24824
18259
12206
2053
32340
23039
12546
5801
10000
187
26694
20461
14780
7703
30442
20801
6728
15843
21790
29365
1252
9039
19378
27673
6016
12331
22742
32637
2348
11911
18042
25041
3443
25998
16933
13428
5087
31522
23689
27952
19099
8806
1485
29596
21559
15562
7009
20584
30659
7998
14485
20164
26991
402
9785
25312
17739
11702
2589
31820
23527
13082
5297
24504
4334
14149
16660
26303
3650
6224
16379
22278
28845
1788
8535
18858
28161
9480
675
27230
19957
15268
7183
29938
21337
32064
23275
12822
5565
17479
11450
2833
16408
26547
3918
10469
24244
31007
4578
13897
2032
8283
18598
28429
6492
16119
22026
29089
15016
7427
30206
9220
943
27474
19705
2080
12171
18294
24797
5772
12583
23002
32369
13688
4819
31278
23941
3199
25730
17193
29328
21819
15814
6765
27708
19351
1217
20424
26723
158
10037
20836
30415
7730
14745
26880
20139
9814
509
30636
20487
14586
8017
29683
6926
15525
19188
27999
1442
8713
5040
13339
23782
31565
3356
10935
16970
26081
12008
2371
17941
12356
6127
32530
22713
7264
15307
21302
29853
716
9575
19866
27185
8504
1683
28270
18885
16276
6207
28866
22377
26320
16763
3629
30844
24535
14122
4225
23432
31779
5342
13173
17700
25231
2674
11737
960
9323
19606
27453
7532
15047
21050
30097
16024
6451
29134
22117
8244
1951
28514
18633
31088
24283
13862
4493
26588
16503
10378
3873
17448
2942
11477
23172
32047
5586
30368
20747
7773
26636
10074
241
19448
1198
8965
21844
29439
6658
15785
3088
11195
17222
25837
4796
13591
24042
31297
12616
5859
32286
22965
12260
2127
24754
18201
15488
6955
29654
21629
8748
1415
28026
19153
472
9843
20110
26917
8052
14559
20514
30601
17968
24987
2406
11981
22684
32567
6090
12385
31592
23747
13374
5013
26052
17007
10898
3385
18912
28235
1718
8477
22348
28903
6170
16305
29880
21267
15342
7237
27156
19903
9538
745
13136
5371
31750
23469
11772
2647
25258
17665
3592
16734
26357
4260
14095
30809
22080
6422
16061
18668
28487
1978
8209
27416
19635
997
30132
21023
15074
7497
11504
2907
25510
12892
5623
32010
23201
4520
13827
24318
31061
3844
10415
16466
26617
8992
1163
27766
19421
15756
6695
29402
21873
7800
20782
30341
212
10111
26665
22928
32315
5830
12653
18236
24727
2154
12225
25800
17251
24015
13618
4761
20480
30635
14589
26887
9809
27992
8718
1445
29684
21599
15522
6921
10928
3355
26086
16973
13340
5047
31562
23777
6120
12355
22718
32533
12015
17938
25017
9568
715
27190
19869
15308
7271
21297
6200
16275
22382
28869
1684
8511
18882
28265
24528
30843
4230
14125
16764
26327
3626
10625
25224
17699
11742
2677
31780
23439
13170
5337
15040
7531
30102
21053
9324
967
27450
1944
8243
18638
28517
6452
22114
29129
16496
26587
3878
10381
24284
31095
4490
13857
32040
23171
12926
5589
25476
17455
11474
2937
20384
26635
246
10077
20748
30375
7770
14833
29432
21843
15790
6661
27732
19455
8962
13584
4795
31302
24045
11196
3095
25834
17217
2120
12259
18206
24757
5860
12623
22962
32281
1408
8747
28029
15495
21626
29649
14552
8051
30606
20517
9844
479
26914
20105
22683
12390
6093
24988
17975
11978
2401
17000
26051
3390
10901
23748
31599
5010
13369
28896
22347
16310
6173
28236
18919
8474
1713
19896
27155
750
9541
21268
29887
7234
2640
11771
17670
25261
5372
13143
23466
31745
14088
4259
30814
24565
10660
3599
26354
16729
18667
8214
1981
29164
22087
16058
6417
21016
30131
7502
15077
19636
27423
994
9289
5616
12891
23206
32013
2908
11511
17418
25505
10408
3843
26622
16469
13828
4527
31058
24313
6688
15755
21878
29405
1164
8999
19418
27761
10104
211
26670
20357
14804
7807
30338
20777
24720
18235
12230
2157
22935
5825
24008
31331
4766
13621
17252
25807
3122
11161
31488
23723
13398
5117
26028
16903
11002
3409
18008
25075
11941
22772
32607
6050
432
9755
20198
26957
7964
14519
20554
30689
15592
6979
29630
21525
8772
1519
27922
19129
3680
10699
16694
26269
4300
14183
24474
30769
13112
5267
31854
23493
11668
2623
25282
17769
29904
21371
15238
7213
27260
19927
9514
641
18824
28195
1758
8565
22308
28815
6258
16345
4544
13931
24214
31037
3948
10439
16442
26513
11416
2867
17509
12852
5535
32098
23241
27504
19675
9254
909
30172
21111
14986
7457
22056
29059
6526
16085
18564
28463
2002
8313
25760
17163
11254
3165
31244
23975
13658
4849
23032
32339
5806
12549
18260
24831
2050
12201
7696
14779
20806
30445
188
10007
20458
26689
9032
1251
27678
19381
15844
6735
29362
21785
11904
2347
25046
18045
12332
6023
32634
22737
5080
23694
3444
10975
25993
21552
29595
7014
19100
27959
1482
8801
26984
20163
9790
405
30660
20591
14482
7993
23520
5302
13085
17740
25319
2586
11697
26296
16659
10734
3653
24511
4329
8528
28166
16380
6231
28842
7176
21342
29941
676
9487
19954
27225
17472
25579
2838
11453
23276
32071
5562
12817
31000
24243
4581
10466
3913
16112
6491
29094
22029
8284
2039
28426
18593
936
9219
19710
27477
7428
15023
21074
30201
5771
32374
23005
12172
2087
24794
18289
3192
11219
17198
25733
4820
31273
19344
27707
1222
9069
21820
29335
6762
15809
30408
20835
7733
20431
10034
153
1536
8619
18774
28413
6316
16135
22522
28753
15192
7411
29710
21413
9716
607
27298
19721
31920
23323
13286
5197
25116
17847
11594
2785
16872
26179
3774
10517
24388
30959
4114
14265
29536
21707
15414
7069
28108
8858
1329
20024
27027
366
9925
20628
30527
8130
2512
11899
18054
24877
6012
22570
32641
13448
4899
31710
23669
10788
3471
25970
17113
27840
19307
9110
1085
29292
21959
15674
6801
20888
30259
7886
14693
20276
26783
98
10185
5744
12763
22822
32397
2268
12151
18314
24609
11048
3203
25726
17365
13700
4655
23929
6560
15883
22262
29021
1804
8359
18522
28657
9464
851
27566
19461
14932
7679
29954
21161
25360
17595
11334
3053
32188
13034
5441
24136
31203
4382
14005
16612
26447
4018
10265
21376
29739
7382
15229
19756
27271
634
9681
28376
18803
8590
1573
28788
6281
10544
3739
26214
14236
30922
5224
13251
23358
31893
2756
11631
17810
25145
9952
331
27062
19997
14412
8167
30490
20657
7096
21742
29509
1300
8895
19010
28137
23632
4870
13485
17148
25943
3498
10753
24840
18083
11870
2549
32676
22543
12530
5977
14656
7915
30230
20925
10220
71
26810
20241
1048
9139
19278
27877
6836
15647
21986
29257
17392
25691
3238
11021
23900
31479
13729
32424
22787
12798
5717
24580
18351
12114
2297
19488
27531
886
9437
21132
29991
7642
14961
29048
22227
15918
6533
28628
18559
8322
1833
13968
4411
31174
24173
10300
3991
26474
16577
3016
11363
17566
25397
5476
13007
32153
11520
2731
25174
17917
13228
5127
31994
23377
4184
14323
24334
30885
3828
10591
16802
26121
22448
28699
6374
16205
18716
28343
1610
8673
27368
19779
9662
533
29764
21487
15122
7353
22624
32715
5942
12445
18124
24935
2458
11825
25912
17043
10862
3525
31636
23615
13506
4969
8912
1403
28038
18989
15484
7127
29482
21633
8072
14371
20702
30581
292
9871
20082
27097
18368
24683
2198
12093
22892
32455
5690
12689
31384
23859
13774
4709
25652
17311
11106
3273
15728
6875
29222
21901
9180
1143
27786
19233
40
10115
20350
7812
14639
20946
30329
12960
5387
32246
23133
11276
2983
25434
17649
4088
10323
16558
26373
4436
24066
31145
18448
28603
1862
8429
22204
28951
6634
15937
30024
21219
14878
7605
27620
19535
9394
793
30848
24363
14294
4221
26156
16775
10618
3793
17880
25203
2702
11557
23412
31967
5154
13193
560
9627
19814
27341
7324
15159
21450
29793
16232
28734
8644
1647
28306
18745
10827
17078
25885
4940
13543
23578
12472
5907
32750
22597
11796
2495
24898
18153
20731
8109
20055
9898
257
18952
28067
1374
8949
21668
29455
7154
15449
4672
13803
23830
31421
3308
11079
17338
25617
12056
2227
24654
18405
12724
5663
32482
22857
26864
20315
10150
13
30300
20983
14602
7841
21928
29187
6910
15701
19204
27823
1106
9209
26400
16523
10358
4061
31116
24103
14042
4465
23160
32211
5422
12933
17620
25471
2946
11305
7568
14907
21190
30061
828
9367
19562
27585
8392
1891
28574
18485
15972
6607
28978
31744
23467
13142
5373
25260
17671
11770
2641
16728
26355
3598
24564
30815
4258
14089
1712
8475
18918
28237
6172
16311
22346
28897
15336
7235
29886
21269
9540
751
27154
19897
11979
17974
24989
6092
12391
22682
32561
13368
5011
31598
23749
10900
3391
26050
17001
29648
21627
15494
6957
28028
19159
8746
1409
20104
26915
478
9845
20516
30607
8050
14553
5824
12651
22934
32317
2156
12231
18234
24721
11160
3123
25806
13620
4767
31330
24009
27760
19419
8998
1165
29404
21879
15754
6689
20776
30339
7806
14805
20356
26671
210
10105
25504
17419
11510
2909
32012
23207
12890
5617
24312
31059
4526
13829
16468
26623
3842
10409
6416
16059
22086
29165
1980
8215
18666
28481
9288
995
27422
19637
15076
7503
30130
21017
10624
3627
26326
16765
14124
4231
30842
24529
5336
13171
23438
31781
2676
11743
17698
25225
21296
29851
7270
15309
19868
27191
9569
28264
18883
8510
1685
28868
22383
16274
6201
23776
31563
5046
13341
16972
26087
3354
10929
25016
17939
12014
2373
32532
22719
12354
6121
9808
507
26886
20141
14588
8023
30634
20481
6920
15523
21598
29685
1444
8719
19186
27993
17216
25835
3094
11197
24044
31303
13585
32280
22963
12622
5861
24756
18207
12258
2121
14832
7771
30374
20749
10076
247
26634
20385
1192
8963
19454
27733
6660
15791
21842
29433
13856
4491
31094
24285
10380
3879
26586
16497
2936
11475
17454
25477
5588
12927
23170
32041
19600
27451
966
9325
21052
30103
7530
15041
29128
22115
16030
6453
28516
18639
8242
1945
22272
28843
6230
16381
18860
28167
1786
8529
27224
19955
9486
677
29940
21343
7177
11696
2587
25318
17741
13084
5303
31818
23521
4328
14147
24510
30741
3652
10735
16658
26297
8800
1483
27958
19101
15564
7015
29594
21553
7992
14483
20590
30661
404
9791
20162
26985
22736
32635
6022
12333
18044
25047
2346
11905
25992
16931
10974
3445
31524
23695
13426
5081
15808
6763
29334
21821
9068
1223
27706
19345
152
20430
26725
14751
20834
30409
18288
24795
2086
12173
23004
32375
5770
12577
31272
23939
13694
4821
25732
17199
3193
18592
28427
2038
8285
22028
29095
6490
16113
21075
15022
7429
27476
19711
9218
937
12816
5563
32070
23277
11452
2839
17473
3912
10467
16414
26549
4580
13903
24242
31001
640
9515
19926
27261
7212
21370
29905
16344
6259
28814
22309
8564
1759
18825
30768
24475
14182
4301
26268
16695
10698
3681
17768
25283
2622
11669
23492
5266
13113
30688
20555
14518
7965
26956
20199
9754
433
19128
27923
8773
21524
29631
6978
3408
16902
26029
5116
23722
6051
32606
22773
11940
2319
25074
18009
26688
20459
10006
189
30444
20807
14778
7697
21784
29363
6734
27679
1250
9033
4848
13659
23974
31245
3164
11255
17162
25761
12200
2051
24830
18261
12548
5807
32338
23033
7456
14987
21110
30173
908
9255
19674
27505
8312
2003
28462
18565
6527
26512
16443
10438
3949
31036
4545
23240
32099
12853
17508
2866
11417
10752
3499
25942
17149
13484
4871
23633
5976
22542
32677
2548
11871
18082
24841
20656
30491
8166
14413
19996
27063
330
9953
28136
8894
1301
29508
21743
15378
7097
24416
4150
14237
16844
26215
3738
10545
25144
17811
11630
2757
31892
23359
13250
5225
9680
635
27270
15228
7383
29738
21377
6280
16163
22494
28789
1572
8591
18802
28377
16576
26475
3990
10301
24172
31175
4410
13969
32152
23091
13006
5477
25396
17567
11362
3017
14960
7643
29990
21133
9436
887
27530
19489
1832
8323
18558
28629
6532
15919
22226
29049
13728
4619
31478
23901
11020
3239
25690
17393
2296
12115
18350
24581
5716
22786
32425
20240
26811
70
10221
20924
30231
14657
29256
21987
15646
6837
27876
19279
9138
1049
32640
22571
6013
24876
18055
11898
2513
17112
25971
3470
10789
23668
4898
13449
1328
8859
19046
28109
7068
21706
29537
14440
8131
30526
20629
9924
367
27026
20025
2784
11595
17846
25117
5196
13287
23322
31921
14264
4115
24389
10516
3775
26178
16873
28752
16134
6317
18775
8618
19720
27299
606
9717
21412
29711
7410
15193
5440
13035
23062
32189
3052
11335
17594
25361
10264
4019
26446
16613
14004
4383
31202
24137
28656
18523
8358
1805
29020
15882
6561
29955
14933
19460
27567
850
9465
24608
18315
12150
2269
32396
22823
5745
23928
31443
4654
13701
17364
25727
3202
11049
6800
21958
1084
19306
27841
10184
99
26782
20277
14692
7887
30258
20889
256
9899
20054
27133
8108
14343
20730
30545
15448
7155
29454
21669
8948
1375
28066
18953
31664
23579
13542
4941
25884
17079
10826
3553
18152
24899
2494
11797
22596
32751
5906
12473
29792
21451
15158
7325
19815
9626
561
18744
28307
1646
8645
22420
28735
6338
3792
10619
16774
26157
4220
14295
24362
30849
13192
5155
31966
23413
11556
2703
25202
17881
27584
19563
9366
829
30060
21191
14906
7569
22168
28979
6606
15973
18484
28575
1890
8393
4464
14043
24102
31117
4060
10359
16522
26401
11304
2947
17621
12932
5423
32210
23161
7840
14603
20982
30301
12
10151
20314
26865
9208
1107
27822
19205
15700
6911
29186
21929
25616
17339
11078
3309
23831
13802
4673
22856
32483
5662
12725
18404
24655
2226
12057
21632
29483
7126
15485
18988
28039
1402
8913
27096
20083
9870
293
30580
20703
14370
8073
11824
2459
24934
18125
12444
5943
32714
22625
4968
13507
23614
3524
10863
17042
25913
8672
1611
28342
18717
16204
6375
28698
22449
7352
15123
21486
29765
532
9663
19778
27369
23376
25175
11521
26120
16803
10590
3829
30884
24335
14322
4185
15936
6635
28950
8428
1863
28602
18449
792
9395
19534
27621
7604
14879
21218
17648
25435
2982
11277
23132
32247
5386
12961
31144
24067
14078
4437
26372
16559
10322
4089
19232
27787
1142
9181
21900
29223
6874
30328
20947
7813
26836
20351
10114
41
5691
32454
22893
12092
2199
24682
18369
3272
17310
25653
4708
13775
23858
2048
12203
18262
5804
12551
23034
32337
13656
4851
31246
23973
11252
3167
25762
29360
21787
15846
6733
27676
19383
9034
1249
20456
26691
10005
20804
30447
7698
14777
32096
23243
12854
5533
25548
17511
11418
2865
16440
26515
3950
10437
24212
31039
4546
2000
8315
18566
28461
6524
22058
29057
14984
7459
30174
21109
9252
911
27506
19673
25280
17771
11670
31852
23495
13114
5265
24472
30771
4302
14181
26271
3682
10697
6256
16347
22310
28813
1756
8567
18826
28193
9512
643
27262
19925
15236
7215
29906
21369
6048
12299
22774
32605
2316
11943
18010
25073
11000
3411
26030
16901
13396
5119
31490
23721
27920
19131
8774
1517
21527
15594
6977
20552
30691
7966
14517
20196
26959
434
9753
23936
31275
4822
13693
25735
3194
11217
24792
18291
12174
2085
32372
23007
5769
10032
155
26726
20429
14748
7735
30410
20833
6760
15811
21822
29333
1220
9071
19346
27705
10464
3915
26550
16413
13900
4583
31002
24241
5560
12819
23278
32069
2836
11455
17474
21072
30203
7430
15021
19708
27479
938
9217
28424
18595
8286
2037
29092
22031
16114
6489
14144
4331
30742
24509
10732
3655
26298
16657
2584
11699
17742
25317
5300
13087
23522
31817
19952
27227
678
9485
21340
29943
7178
15265
28840
22275
16382
28164
18863
8530
1785
16928
25995
3446
10973
23692
31527
5082
13425
32632
22739
12334
6021
25044
18047
11906
2345
14480
7995
30662
20589
9788
407
26986
20161
1480
8803
19102
27957
7012
15567
21554
8960
27734
19453
15788
6663
29434
21841
7768
20750
30373
244
10079
20386
26633
22960
32283
5862
12621
18204
24759
2122
12257
25832
17219
11198
3093
31300
24047
13586
4793
22112
29131
6454
16029
18636
28519
1946
8241
27448
19603
965
30100
21055
15042
7529
11472
2939
25478
17453
12924
5591
32042
23169
4488
13859
24286
31093
3876
10383
16498
26585
18880
28267
1686
8509
22380
28871
6202
16273
29848
21299
15310
7269
27188
19871
9570
713
13168
5339
31782
23437
11740
2679
25226
17697
3624
16766
26325
4228
14127
24530
30841
15520
6923
29686
21597
8716
1447
27994
19185
504
9811
20142
26885
8020
14591
20482
30633
17936
25019
2374
12013
22716
32535
6122
12353
31560
23779
13342
5045
26084
16975
10930
3353
30336
20779
7805
26668
20359
10106
209
19416
27763
1166
8997
21876
29407
3120
11163
17254
25805
4764
13623
24010
31329
12648
5827
32318
22933
12228
2159
24722
18233
992
9291
19638
27421
7500
15079
21018
30129
16056
6419
29166
22085
28482
18665
31056
24315
4525
26620
16471
10410
3841
25507
2910
11509
23204
32015
5618
7232
21270
29885
748
9543
19898
27153
8472
1715
28238
18917
6175
28898
22345
26352
16731
10662
3597
30812
14090
4257
23464
31747
5374
13141
17668
25263
2642
11769
26912
20107
9846
477
30604
20519
14554
8049
21624
6958
15493
19156
28031
1410
5008
13371
23750
31597
3388
10903
17002
26049
11976
2403
17973
32562
22681
24064
31147
4438
14077
16556
26375
4090
10321
25432
17651
11278
2981
32244
23135
5385
9392
795
27622
19533
14876
7607
30026
21217
6632
15939
22206
28949
1860
8431
18450
28601
11104
3275
25654
17309
13772
4711
31386
23857
5688
12691
22894
32453
2196
12095
18370
24681
20944
30331
7814
14637
20348
26839
10113
27784
19235
9182
1141
29220
21903
6873
13504
4971
31638
23613
10860
3527
25914
17041
2456
11827
18126
24933
5940
12447
22626
32713
27099
294
9869
20700
30583
8074
14369
29480
21635
15486
7125
28036
18991
8914
1401
16800
26123
3830
10589
24332
30887
14321
31992
23379
13230
5125
25172
17919
11522
2729
15120
7355
29766
21485
9660
535
27370
19777
1608
8675
18718
28341
6372
16207
22450
28697
11307
17622
25469
5420
12935
32209
14040
4467
31118
24101
10356
4063
26402
16521
28976
22171
28572
8394
1889
19560
27587
830
9365
21188
30063
7570
14905
32480
22859
12726
5661
24652
18407
12058
2225
17336
25619
3310
11077
23828
31423
4674
13801
1104
9211
19206
27821
6908
15703
21930
29185
7843
20981
10148
15
26866
20313
24896
18155
11798
2493
32748
22599
12474
5905
23576
31667
4942
13541
17076
25887
3554
10825
7152
15451
21670
29453
1372
8951
18954
9896
259
27134
20053
14340
30546
20729
5152
13195
23414
31965
2700
11559
17882
25201
10616
3795
26158
16773
30850
24361
28304
18747
8646
1645
28732
16234
6337
21448
29795
7326
15157
27343
562
9625
29952
21163
14934
7677
27564
19463
9466
849
18520
28659
1806
8357
22260
29023
6562
15881
4016
10267
16614
26445
4380
14007
24138
31201
13032
5443
32190
23061
11332
3055
25362
17593
96
10187
20278
7884
14695
20890
30257
15672
6803
29294
21957
9108
1087
27842
19305
31440
23931
13702
4653
25724
17367
11050
3201
18312
24611
2270
12149
22820
32399
5746
12761
8128
14443
20630
30525
364
9927
20026
27025
8856
1331
28110
19045
15412
7071
29538
21705
25968
17115
10790
3469
31708
23671
13450
4897
22568
32643
6014
12501
18052
24879
2514
11897
27296
19723
9718
605
29708
21415
15194
7409
22520
28755
6318
16133
18772
28415
1538
8617
4112
14267
24390
30957
3772
10519
16874
26177
11592
2787
25118
17845
13284
5199
31922
23321
8320
1835
28630
18557
15916
6535
29050
22225
7640
14963
21134
29989
884
9439
19490
27529
32155
5478
13005
17564
25399
3018
11361
26472
16579
10302
3989
31172
24175
13970
4409
21984
29259
6838
15645
19276
27879
1050
9137
26808
20243
10222
69
30228
20927
7913
12112
2299
24582
18349
5719
32426
22785
4616
13731
23902
3236
11023
17394
25689
28139
1302
8893
21740
7098
15377
20659
14414
8165
27060
19999
9954
329
12528
5979
32678
22541
11868
2551
18081
3496
10755
17150
25941
4868
13487
23634
6283
28790
22493
8588
1575
28378
18801
632
9683
19758
27269
15231
21378
29737
17808
25147
2758
11629
23356
31895
5226
13249
30920
14238
4149
26212
16847
9216
939
27478
19709
15020
7431
30202
21073
6488
16115
22030
29093
2036
8287
18594
28425
24240
31003
4582
13901
16412
26551
3914
10465
25576
17475
11454
2837
32068
23279
12818
5561
20832
30411
7734
14749
20428
26727
154
10033
27704
19347
9070
1221
29332
21823
15810
6761
11216
3195
25734
17197
13692
4823
31274
23937
5768
12579
23006
32373
2084
12175
18290
24793
20160
26987
406
9789
20588
30663
7994
14481
21555
15566
7013
27956
19103
8802
1481
13424
5083
31526
23693
10972
3447
25994
16929
2344
11907
18046
25045
6020
12335
22738
32633
15264
7179
29942
21341
9484
679
27226
19953
1784
8531
18862
28165
6228
16383
22274
28841
16656
26299
3654
10733
24508
30743
4330
14145
31816
23523
13086
5301
25316
17743
11698
2585
29056
22059
16086
6525
28460
18567
8314
2001
19672
27507
910
9253
21108
30175
7458
14985
2864
11419
17510
25549
5532
12855
32097
13928
4547
31038
24213
10436
3951
26514
16441
1248
9035
19382
6732
15847
21786
29361
14776
7699
30446
20805
10004
191
26690
20457
32336
23035
12550
5805
24828
18263
12202
2049
17160
25763
3166
11253
23972
31247
4850
13657
6976
15595
21526
1516
8775
19130
27921
9752
435
26958
20197
14516
7967
30690
20553
25072
18011
11942
2317
32604
22775
12298
6049
23720
31491
5118
13397
16900
26031
3410
11001
28192
18827
1757
28812
22311
16346
6257
21368
29907
7214
15237
19924
27263
642
9513
5264
13115
23494
31853
2620
11671
17770
25281
10696
26270
16693
14180
4303
30770
24473
3840
10411
16470
26621
4524
13831
24314
31057
12888
5619
32014
23205
11508
2911
25506
17417
30128
21019
15078
7501
27420
19639
993
18664
28483
1982
8213
22084
29167
6418
16057
31328
24011
13622
4765
25804
17255
11162
3121
18232
24723
2158
12229
22932
32319
5826
12649
208
10107
20358
26669
7804
20778
30337
15752
6691
29406
21877
8996
1167
27762
19417
26048
17003
10902
3389
31596
23751
13370
5009
22680
32563
6094
12389
17972
2402
11977
8048
14555
20518
30605
476
9847
20106
26913
8744
1411
28030
19157
15492
6959
29650
4256
14091
24566
30813
3596
16730
26353
17669
13140
5375
31746
23465
27152
19899
9542
749
29884
21271
15338
7233
22344
28899
6174
16309
18916
28239
1714
8473
23168
32043
5590
12925
17452
25479
2938
11473
26584
16499
10382
3877
31092
24287
8240
1947
28518
18637
6455
29130
22113
7528
15043
21054
30101
964
9327
19602
27449
12256
2123
24758
18205
12620
5863
32282
22961
4792
13587
24046
31301
11199
17218
25833
21840
29435
6662
15789
19452
27735
1194
8961
26632
20387
10078
245
30372
20751
7769
12352
6123
32534
22717
12012
2375
25018
17937
3352
10931
16974
26085
5044
23778
31561
19184
27995
1446
21596
6922
15521
30632
20483
14590
8021
26884
20143
9810
505
17696
25227
2678
11741
23436
31783
5338
30840
14126
4229
26324
16767
3625
16272
6203
28870
22381
8508
1687
28266
18881
712
9571
21298
29184
21931
15702
6909
27820
19207
9210
1105
20312
26867
10149
20980
30303
7842
14601
2224
12059
18406
24653
5660
12727
22858
32481
13800
4675
31422
23829
11076
3311
25618
17337
1888
8395
18486
28573
6604
15975
22170
28977
14904
7571
30062
21189
9364
831
27586
19561
32208
23163
5421
25468
17623
11306
2945
16520
26403
4062
10357
24100
31119
4466
14041
6336
16235
22422
28733
1644
8647
18746
28305
9624
563
27342
19813
15156
7327
29794
21449
25200
11558
2701
31964
23415
13194
5153
24360
30851
4222
14293
16772
26159
3794
10617
28064
18955
8950
1373
29452
21671
15450
7153
20728
30547
8110
14341
20052
27135
258
9897
5904
12475
22598
32749
2492
11799
18154
24897
10824
3555
25886
17077
13540
4943
31666
23577
10112
26838
20349
14636
7815
30330
20945
6872
15731
21902
29221
1140
9183
19234
27785
23856
31387
4710
13773
17308
25655
3274
11105
24680
18371
12094
2197
32452
22895
12690
5689
21216
30027
7606
14877
19532
27623
794
9393
28600
18451
1861
28948
22207
15938
6633
10320
4091
26374
16557
14076
4439
31146
24065
5384
12963
23134
32245
2980
11279
17650
25433
19776
27371
534
9661
21484
29767
7354
15121
28696
22451
16206
6373
28340
18719
8674
1609
14320
30886
24333
10588
3831
26122
16801
2728
11523
17918
25173
5124
13231
23378
31993
14368
8075
30582
20701
9868
295
27098
20081
1400
8915
18990
28037
7124
15487
21634
29481
17040
25915
3526
10861
23612
4970
13505
32712
22627
5941
24932
18127
11826
2457
22784
32427
5718
12797
18348
24583
2298
12113
25688
17395
11022
3237
23903
13730
4617
9136
1051
27878
19277
15644
6839
29258
21985
7912
20926
30229
68
10223
20242
26809
11360
3019
25398
17565
13004
5479
32154
23089
4408
13971
24174
31173
3988
10303
16578
26473
22224
29051
6534
15917
18556
28631
8321
27528
19491
885
21135
7641
13248
5227
31894
23357
11628
2759
25146
17809
3736
10547
16846
26213
4148
14239
24418
30921
18800
28379
1574
8589
28791
6282
29736
21379
15230
27268
19759
9682
633
18080
2550
11869
22540
32679
5978
12529
31736
23635
13486
4869
25940
17151
10754
3497
15376
7099
21741
8892
1303
28138
19009
328
9955
19998
27061
8164
20658
3200
11051
17366
25725
4652
13703
23930
12760
5747
32398
22821
12148
2271
24610
18313
30256
20891
7885
26780
20279
10186
97
19304
27843
1086
9109
21956
29295
6802
15673
31200
24139
14006
4381
26444
16615
10266
4017
17592
25363
3054
11333
23060
32191
5442
848
9467
19462
27565
7676
14935
21162
29953
6563
8356
28658
18521
26176
16875
30956
14266
4113
23320
31923
5198
13285
17844
25119
11593
21414
604
9719
27297
8616
1539
28414
18773
6319
22521
4896
13451
23670
31709
3468
10791
25969
11896
2515
18053
6015
32642
22569
27024
20027
9926
365
20631
8129
23283
12814
5541
25588
17503
15024
30182
21069
9244
27466
8259
6468
22034
29113
13664
31286
23965
11212
3175
25754
2104
12179
18286
5780
12607
22978
32361
26747
10029
7722
14721
29320
15838
6773
27684
9074
10944
3435
26006
16957
13420
5063
23697
6040
12339
32613
11935
18018
25033
20592
30683
7974
14477
26999
394
9761
27944
8830
1493
21551
15570
7033
24480
30731
4342
14173
16652
26279
3674
10737
25336
17747
11694
2565
31828
23551
13058
5289
699
27206
19949
15292
7191
29930
21313
6216
16355
22302
28853
8527
18866
28185
5504
12843
23254
17530
25553
10456
3955
26510
16421
13940
4575
31010
24201
28464
8294
1997
29084
22071
6497
21096
30147
7486
14997
19652
27503
914
9273
24800
18251
12214
2077
32332
23015
12570
23992
31251
4846
13637
25791
3138
11241
6736
15867
21766
29357
1276
9047
19370
27649
9992
26718
20469
14756
7695
30450
20825
32576
12310
6077
25068
17991
11962
16920
26035
3406
10981
23732
31519
5090
13385
1520
8795
27917
7004
15607
21514
29601
14504
7939
30718
20565
9732
431
26962
2592
11659
17782
25309
5260
13095
23514
31857
14200
4307
30766
24453
10708
3711
26242
16681
28816
22331
16326
6253
28220
18839
8554
19912
27235
670
21348
29903
7218
15257
27392
1021
30124
20999
15098
7505
22104
29171
6414
16037
18676
28511
1954
8201
4528
13851
24294
31053
3868
10423
16458
26593
11496
2883
25534
17429
12868
5615
32018
23225
7776
14795
20790
30365
204
10087
20378
26673
9016
1171
27758
19397
15764
6719
29378
21865
25808
17275
11142
3117
31356
24023
13610
4737
22920
32291
5854
12661
18212
24719
2162
12249
448
9835
20118
26941
8044
14535
20538
30609
15512
6963
29646
21605
8756
1439
28002
19145
31600
23771
13350
5005
26076
17015
10890
3361
17960
24963
2430
11989
22660
32559
6098
12409
29856
21259
15350
7261
27148
19879
9562
753
18936
28243
1710
8453
22356
28927
6146
16297
3600
26349
4284
14103
24554
30785
13128
5347
31774
23477
11748
2639
25266
17689
16000
6443
29142
22141
8236
1927
18641
984
9331
19598
27429
7540
15071
21026
30089
17456
25499
2918
11469
23196
32055
5578
12897
31080
24259
13886
4501
26564
16495
10386
3897
19424
27723
8989
21836
29415
6682
15793
30392
20755
14830
7749
26644
20415
10050
233
5883
22957
12284
2135
24746
18177
3080
11171
17246
25845
4772
13583
24050
31321
21568
29675
6934
15549
27975
1466
8721
26904
20147
9806
485
30644
20511
14562
8009
12016
2395
24998
12380
6135
32522
22689
5032
13315
23806
31573
3332
10927
16978
26105
8480
1675
28278
18909
16268
6183
28890
22385
7288
15315
21294
29829
724
9599
19842
27177
23440
31803
5318
13165
17724
25239
2666
11713
26312
16739
10654
3637
30820
14130
4249
12715
22870
32509
2220
12039
18426
24657
11096
3315
25614
17317
13812
4703
31394
23817
27824
1101
29212
21943
15690
6881
20968
30275
7870
14613
26863
10169
25440
17611
11318
2973
23143
12954
5425
24120
31123
4462
14021
16532
26431
4034
10345
22150
28973
1916
8407
28545
9352
803
27614
19573
14884
7567
30066
21209
31936
23403
13206
5181
25196
11578
2705
16792
26163
3790
10597
24372
30879
14281
8667
28301
6364
16247
22410
28705
15144
7299
29822
21461
9604
559
27346
19833
2464
11787
18166
24925
5900
12455
22618
32753
13560
4947
31662
23557
10836
3583
25858
29456
21691
15430
7149
28092
18967
8938
1345
20040
27107
286
9909
20708
30543
8114
14361
17280
25643
3286
11133
23852
31367
4730
13777
32472
22899
12686
5669
24692
18399
12066
2185
14640
7835
20941
26826
20321
1128
9155
19262
27797
6852
15727
21906
29241
14048
4427
31158
24093
10316
4071
26394
16561
11283
17646
25413
5396
12991
32233
19536
27643
774
9389
21244
30039
7594
14849
28936
22179
15966
6645
28580
18447
8434
1881
10560
3819
16829
14316
30906
24337
5144
13235
23374
31973
2740
11551
17890
25161
21488
29787
7334
15117
19804
27383
522
9633
28328
18691
8702
1621
28676
16210
23584
31627
4982
13533
17036
25895
3546
10865
24952
18131
11822
2437
32724
22655
12418
5929
9872
315
27078
14396
8087
30570
20673
7112
15459
21662
29493
1380
8911
18994
28057
15616
6827
29270
22013
9132
1031
27898
19281
88
10227
20238
26789
7924
14687
20898
30217
18352
24603
2278
12109
22812
32439
5706
12769
31464
23875
13758
4629
25668
17391
11026
3257
18528
28619
1846
22220
29031
6554
15921
30008
21139
14958
7621
27540
19519
9410
873
13008
5499
32134
23085
11388
3031
25386
17537
3976
10275
16606
26485
4388
13967
24178
31193
22464
28779
6294
16189
18796
28359
1594
8593
27288
19763
9678
613
29748
21407
15202
7369
11632
2779
25126
13276
5239
31882
23329
4136
14211
24446
30933
3716
10543
16850
26233
8864
1291
28150
15372
7079
29530
21745
8184
14419
20654
30469
340
9983
19970
27049
22544
32699
5958
12525
18108
24855
2538
11841
17123
10782
3509
31716
23631
13490
4889
26752
20267
10198
30252
14714
7889
21976
29299
6798
15653
19316
27871
1058
9097
4656
13723
23910
3228
11063
17354
25697
12136
2243
24638
18325
12740
5743
32402
22841
7648
14923
21174
29981
844
9447
19482
27569
8376
1811
28654
18501
15892
6591
28994
22249
26448
10246
4013
31228
24151
13994
4353
23048
32163
5470
13045
17572
25359
3058
11353
9707
19734
27325
7404
15175
21434
29713
16152
6323
28750
22501
8628
1567
28386
18761
30960
24411
14246
4109
26204
16887
10506
3745
17832
25091
2814
11605
23300
31919
5202
13305
20619
14454
8157
27020
20007
9946
369
28115
1326
8837
21716
29567
7042
15401
3472
10811
17094
25965
4924
13463
23658
31681
12488
5987
32670
22581
11876
2511
18073
27648
9046
29356
15866
6737
20824
30451
7694
14757
20468
26719
9993
5808
12571
23014
32333
2076
12215
18250
24801
11240
3139
25790
13636
4847
31250
23993
6496
22070
29085
1996
8295
18586
28465
9272
915
27502
19653
14996
7487
30146
21097
25552
17531
11398
2861
32124
23255
12842
5505
24200
31011
4574
13941
16420
26511
3954
10457
8555
18838
28221
6252
16327
22330
28817
15256
7219
29902
21349
9524
671
27234
19913
31856
23515
13094
5261
25308
17783
11658
2593
16680
26243
3710
10709
24452
30767
4306
14201
29600
21515
15606
7005
27916
19111
8794
1521
20216
26963
430
9733
20564
30719
7938
14505
2320
11963
17990
25069
6076
12311
22762
32577
13384
5091
31518
23733
10980
3407
26034
16921
14720
7723
30422
20861
10028
26746
20433
1240
9075
19342
27685
6772
15839
21794
29321
17200
25755
3174
11213
23964
31287
4810
32360
22979
12606
5781
24772
18287
12178
2105
19680
950
21068
30183
15025
29112
22035
16110
6469
28436
18623
8258
2025
13904
4603
30982
24237
10492
3927
26538
16385
2824
11427
17502
25589
5540
12815
23282
32089
21312
29931
7190
15293
19948
27207
698
28184
18867
8526
1765
28852
22303
16354
6217
10736
3675
26278
14172
4343
30730
24481
5288
13059
23550
31829
2564
11695
17746
25337
9760
395
26998
20189
14476
7975
30682
20593
7032
15571
21550
29573
1492
8831
19074
27945
23696
31547
5062
13421
16956
26007
3434
10945
25032
18019
11934
2357
32612
22735
12338
6041
18176
24747
2134
12285
22956
32263
5882
12625
31320
24051
13582
4773
25844
17247
11170
3081
15792
6683
29414
21837
8988
1207
27722
19425
232
10051
20414
26645
7748
14831
20754
30393
12896
5579
32054
23197
11468
2919
25498
17457
3896
16494
26565
4500
13887
24258
31081
18640
28539
1926
8237
22140
29143
6442
16001
30088
21027
15070
7541
27428
19599
9330
985
11712
2667
25238
17725
13164
5319
31802
23441
4248
14131
24526
30821
3636
16738
26313
22384
28891
6182
16269
18908
28279
1674
8481
27176
19843
9598
725
29828
21295
15314
7289
22688
32523
6134
12381
17932
2394
12017
3333
31572
23807
13314
5033
8720
1467
27974
19181
15548
6935
29674
8008
14563
20510
30645
484
9807
20146
26905
13611
24022
31357
3116
11143
17274
25809
12248
2163
24718
18213
12660
5855
32290
22921
26672
20379
10086
205
30364
20791
14794
7777
21864
29379
6718
15765
19396
27759
1170
9017
26592
16459
10422
3869
31052
24295
13850
4529
23224
32019
5614
17428
2882
11497
7504
15099
20998
30125
1020
9303
19626
27393
8200
1955
28510
18677
16036
6415
29170
22105
30784
24555
14102
4285
26348
16711
3601
17688
25267
2638
11749
23476
31775
5346
13129
752
9563
19878
27149
7260
15351
21258
29857
16296
6147
28926
22357
8452
1711
28242
18937
3360
10891
17014
26077
5004
13351
23770
31601
12408
6099
32558
22661
11988
2431
17961
30608
20539
14534
8045
26940
20119
9834
449
19144
28003
1438
21604
6962
15513
14848
7595
30038
21245
9388
1880
28581
6644
15967
22178
28937
26395
24092
31159
4426
14049
23107
12990
5397
25412
17647
11282
3001
20320
26827
10141
20940
30311
7834
14641
29240
21907
15726
6853
27796
19263
9154
1129
4731
23853
11132
3287
25642
2184
12067
18398
24693
5668
12687
22898
32473
20672
30571
8086
14397
27079
314
9873
28056
18995
8910
1381
29492
21663
15458
7113
10864
3547
25894
13532
4983
31626
23585
5928
12419
22654
32725
2436
11823
18130
24953
9632
523
27382
19805
15116
7335
29786
21489
6392
16211
22446
28677
1620
8703
18690
28329
24336
30907
14317
16828
26135
3818
10561
25160
11550
2741
31972
23375
13234
5145
28544
8406
1917
28972
22151
15994
6609
21208
30067
7566
14885
19572
27615
802
9353
5424
12955
32205
11319
17610
25441
10344
4035
26430
16533
14020
4463
31122
24121
6880
15691
21942
29213
1100
9191
19226
27825
10168
26862
20293
14612
7871
30274
20969
24656
18427
12038
2221
32508
5633
23816
31395
4702
13813
17316
25615
3314
11097
1344
8939
28093
15431
21690
29457
14360
8115
30542
20709
9908
287
27106
20041
32752
22619
12454
5901
24924
18167
11786
2465
17064
25859
3582
10837
23556
31663
4946
13561
28704
22411
16246
6365
28300
18727
8666
1649
19832
27347
558
9605
21460
29823
7298
15145
2704
11579
25197
5180
13207
23402
31937
14280
4195
30878
24373
10596
3791
26162
16793
4352
13995
24150
31229
4012
10247
16634
26449
11352
3059
25358
17573
13044
5471
32162
23049
27568
19483
9446
845
29980
21175
14922
7649
22248
28995
6590
15893
18500
28655
1810
8377
25696
17355
11062
3229
31436
23911
13722
4657
22840
32403
5742
12741
18324
24639
2242
12137
7888
14715
20870
30253
124
10199
20266
26753
9096
1059
19317
15652
6799
29298
21977
31680
23659
13462
4925
25964
17095
10810
3473
18072
24883
2510
11877
22580
32671
5986
12489
368
9947
20006
27021
8156
14455
20618
30497
15400
7043
29566
21717
8836
1327
28114
3744
10507
16886
26205
4108
14247
24410
30961
13304
5203
31918
23301
11604
2815
25090
17833
29712
21435
15174
7405
27324
19735
9706
577
18760
28387
1566
8629
22500
28751
6322
17536
25387
3030
23084
32135
5498
13009
31192
24179
13966
4389
26484
16607
10274
3977
15920
6555
29030
22221
8348
1847
28618
18529
872
9411
19518
27541
7620
14959
21138
30009
12768
5707
32438
22813
12108
2279
24602
18353
3256
11027
17390
25669
4628
13759
23874
31465
19280
27899
1030
9133
22012
29271
6826
15617
30216
20899
7925
26788
20239
10226
89
11840
2539
18109
12524
5959
32698
22545
4888
13491
23630
31717
3508
10783
17122
25929
21744
7078
15373
28151
1290
8865
27048
19971
9982
341
20655
14418
8185
23328
31883
5238
13277
17804
25127
2778
11633
26232
16851
10542
3717
30932
24447
14210
4137
8592
1595
28358
18797
6295
28778
21406
612
9679
27289
6144
16299
28925
8455
28241
9560
755
27150
19877
15348
7263
21257
25264
17691
11750
2637
31772
23479
13130
5345
24552
30787
4286
14101
16708
26351
3602
10681
28000
8758
29644
21607
15514
6961
20536
30611
8046
14533
20116
26943
450
9833
6096
12411
22662
32557
11991
17962
24961
10888
3363
26078
17013
13348
5007
31602
23769
29376
21867
15766
6717
27756
19399
9018
20376
26675
206
10085
20788
7778
14793
12251
24717
5852
12663
22922
32289
13608
4739
31358
24021
11140
3119
25810
1952
8203
18678
28509
6412
16039
22106
29169
15096
7507
30126
20997
9300
1023
27394
19625
32016
23227
12870
5613
25532
17431
11498
16456
26595
3870
10421
24292
31055
4530
13849
19840
27179
726
9597
21292
7290
15313
28888
22387
16270
6181
28276
18911
8482
1673
14128
30822
24525
10652
3639
26314
16737
2664
11715
17726
25237
5316
13167
23442
31801
14560
8011
30646
20509
9804
487
26906
20145
1464
8723
19182
27973
6932
15551
21570
29673
16976
26107
3334
10925
23804
31575
5034
13313
32520
22691
12382
6133
24996
17935
12018
2393
10048
26646
20413
14828
7751
30394
20753
6680
15795
21838
29413
1204
8991
19426
27721
24048
31323
4774
13581
17244
25847
3082
11169
24744
18179
12286
2133
32260
22959
12626
5881
21024
30091
7542
15069
19596
27431
986
9329
28536
18643
8238
1925
29140
22143
16002
6441
10384
3899
26566
16493
13884
4503
31082
24257
5576
12899
23198
32053
2916
11471
17458
25497
13056
5291
31830
23549
11692
2567
25338
17745
26277
4340
14175
24482
30729
28187
1766
8525
22300
28855
6218
16353
29928
21315
15294
7189
27204
19951
9490
697
18016
25035
11933
22732
32615
6042
12337
31544
23699
13422
5061
26004
10946
3433
15568
7035
29574
21549
8828
1495
27946
19073
392
9763
20190
26997
7972
14479
20594
30681
22976
32363
5782
12605
18284
24775
12177
25752
11214
31284
23967
13666
9072
1243
27686
19341
15836
6775
29322
21793
7720
14723
20862
30421
132
10031
20434
26745
11424
2827
17501
12812
5543
32090
23281
4600
13907
24238
30981
3924
10495
16386
26537
22032
29115
6470
16109
18620
28439
2026
8257
27464
19683
9246
949
30180
21071
15026
7449
26240
10710
3709
30764
24455
14202
4305
23512
5262
13093
7216
15259
21350
29901
668
9527
19914
27233
8552
1731
28222
18837
16324
6255
28818
22329
5088
13387
23734
31517
3404
10983
26033
11960
25070
17989
6079
32578
22761
26960
20219
9734
429
30716
20567
14506
7937
21512
7006
15605
19108
27919
1522
8793
3136
11243
17174
25789
4844
13639
23994
31249
5811
32334
12212
24802
30448
20827
14758
7693
26716
20471
9994
161
19368
27651
1278
9045
21764
29359
6738
15865
31008
24203
13942
4573
26508
16423
10458
3953
17528
2862
11397
23252
32127
5506
12841
912
9275
27501
7484
14999
21098
30145
16072
6499
29086
22069
8292
1999
28466
18585
19968
27051
342
9981
20652
30471
8186
14417
29528
21747
15374
7077
28148
8866
1289
13488
4891
31718
23629
10780
3511
25930
17121
2536
11843
18110
24853
5956
12527
22546
32697
15200
7371
29750
21405
9676
615
27290
19761
1592
8595
18798
28357
6292
16191
22466
28777
26235
3718
10541
24444
30935
4138
14209
31880
23331
13278
5237
25124
11634
2777
9408
875
27542
14956
7623
30010
21137
6552
15923
22222
29029
1844
8351
28617
4390
13965
16604
26487
3978
10273
25384
17539
11390
3029
32132
13010
5497
20896
30219
7926
14685
20236
26791
90
10225
27896
19283
9134
1029
29268
22015
15618
6825
11024
3259
13756
4631
31466
23873
5704
12771
22814
32437
12111
18354
24601
7040
21718
29565
1324
8839
28113
9944
371
27022
20005
14452
8159
30498
20617
24880
18075
12490
23656
31683
4926
13461
17092
25967
3474
10809
28384
18763
8630
1565
28748
22503
16154
6321
21432
29715
7406
15173
19732
27327
578
9705
5200
13307
23302
31917
2812
11607
17834
25089
10504
3747
26206
14244
30962
24409
28992
22251
15894
6589
28652
18503
8378
1809
19480
27571
846
9445
21172
29983
7650
14921
3056
11355
17574
25357
5468
13047
32161
13992
4355
31230
24149
10244
4015
26450
16633
1056
9099
19318
27869
6796
15655
21978
29297
14712
7891
30254
20869
10196
127
26754
20265
32400
22843
12742
5741
24636
18327
12138
2241
17352
25699
3230
11061
23908
4658
13721
25856
17067
10838
31660
23559
13562
4945
22616
32755
5902
12453
18164
24927
2466
11785
8112
14363
20710
30541
284
9911
20042
27105
8936
1347
28094
18965
15428
7151
29458
21689
4192
14283
24374
30877
3788
10599
16794
26161
11576
2707
25198
17861
13204
5183
31938
23401
27344
19835
9606
557
29820
21463
15146
7297
22408
28707
6366
16245
18724
28303
1650
8665
4032
10347
16534
26429
4460
14023
24122
31121
12952
5427
32206
23141
11316
2975
25442
17609
30064
21211
14886
7565
27612
19575
9354
801
18472
28547
1918
8405
22148
28975
6610
15993
31392
23819
13814
4701
25612
17319
11098
3313
18424
24659
2222
12037
22868
32511
5634
12713
16
10171
26861
7868
14615
20970
30273
15688
6883
29214
21941
9188
1103
27826
19225
12416
5931
32726
22653
11820
2439
24954
18129
3544
10867
25893
4980
13535
23586
31625
18992
28059
1382
8909
21660
29495
7114
15457
30568
20675
14398
27076
20079
9874
313
17888
25163
2742
11549
23372
31975
5146
13233
30904
24339
14318
4165
26132
16831
10562
3817
16208
6395
28678
22445
8700
1623
28330
18689
520
9635
19806
27381
7332
15119
21490
23104
32235
5398
12989
17644
25415
3002
11281
26392
16563
10318
31156
24095
14050
4425
8432
1883
28582
15964
6647
28938
22177
7592
14851
30037
772
9391
19538
27641
12064
2187
24694
18397
12684
5671
32474
22897
4728
13779
23854
31365
3284
11135
17282
25641
21904
29243
6854
15725
19260
27799
1130
9153
26824
20323
10142
53
30308
20943
7833
13312
5035
31574
23805
10924
3335
26106
16977
12019
17934
24997
6132
12383
22690
32521
20144
26907
486
9805
20508
30647
8010
14561
29672
21571
15550
6933
27972
19183
8722
1465
16736
26315
3638
10653
24524
30823
4250
14129
31800
23443
13166
5317
25236
17727
11714
2665
15312
7291
29830
21293
9596
727
27178
19841
1672
8483
18910
28277
6180
16271
22386
28889
24256
31083
4502
13885
16492
26567
3898
10385
25496
11470
32052
23199
12898
5577
9328
987
27430
15068
7543
30090
21025
6440
16003
22142
29141
1924
8239
18642
28537
11168
3083
25846
13580
4775
31322
24049
5880
12627
22958
32261
12287
18178
24745
20752
30395
7750
14829
20412
26647
234
10049
27720
19427
8990
29412
21839
15794
6681
24960
17963
11990
2429
32556
22663
12410
6097
23768
31603
5006
13349
26079
3362
10889
6960
15515
21606
29645
1436
8759
19146
28001
9832
451
26942
20117
14532
8047
30610
20537
5344
13131
23478
31773
2636
11751
17690
25265
3603
26350
16709
14100
4287
30786
24553
28240
18939
8454
1709
28924
22359
16298
6145
21256
29859
7262
15349
19876
27151
754
9561
2880
11499
17430
25533
5612
12871
23226
32017
13848
4531
31054
24293
10420
3871
26594
16457
29168
22107
16038
6413
28508
18679
8202
1953
19624
27395
1022
9301
30127
7506
15097
32288
22923
12662
5853
24716
18215
12250
2161
17272
25811
3118
11141
24020
31359
4738
13609
1168
9019
19398
27757
6716
15767
21866
29377
7779
30366
20789
10084
207
26674
20377
7936
14507
20566
30717
428
9735
20218
26961
8792
1523
27918
19109
15604
7007
29602
21513
26032
16923
10982
3405
31516
23735
13386
5089
22760
32579
6078
12309
17988
25071
2322
11961
27232
19915
9526
669
29900
21351
15258
7217
22328
28819
6254
16325
18836
28223
1730
8553
4304
14203
24454
30765
3708
10711
16682
26241
11656
2595
25310
17781
13092
5263
31858
23513
30144
21099
14998
7485
27500
19655
9274
913
18584
28467
1998
8293
22068
29087
6498
16073
3952
10459
16422
26509
4572
13943
31009
12840
5507
32126
23253
11396
2863
17529
160
9995
20470
26717
14759
20826
30449
6739
29358
21765
9044
1279
27650
19369
31248
23995
13638
4845
25788
17175
3137
18248
24803
2078
12213
23012
32335
5810
12569
19072
27947
1494
8829
21548
29575
7034
15569
30680
20595
14478
7973
26996
20191
9762
393
12336
6043
32614
22733
11932
2359
25034
18017
3432
10947
16958
26005
5060
13423
23698
31545
16352
6219
28854
22301
8524
1767
28186
18865
696
9491
19950
27205
7188
21314
29929
17744
25339
2566
11693
23548
5290
13057
30728
24483
14174
4341
26276
16655
10738
3673
8256
2027
28438
18621
16108
6471
29114
22033
7448
15027
21070
30181
948
9247
19682
27465
23280
32091
5542
12813
17500
2826
11425
26536
16387
10494
3925
30980
24239
13906
4601
21792
29323
6774
15837
19340
27687
1242
9073
26744
20435
10030
133
30420
20863
14722
12176
2107
24774
18285
12604
5783
32362
22977
4808
13667
23966
31285
3172
11215
17202
25753
25088
11606
2813
31916
23303
13306
5201
24408
30963
4110
14245
16884
26207
3746
10505
6320
16155
28749
1564
8631
18762
28385
9704
579
27326
15172
7407
29714
21433
5984
12491
22582
32669
2508
11879
18074
24881
10808
3475
25966
17093
13460
4927
31682
23657
28112
8838
1325
29564
21719
15402
7041
20616
30499
8158
14453
20004
27023
370
9945
12139
18326
24637
5740
12743
22842
32401
4659
31438
23909
11060
25698
21979
15654
6797
27868
19319
9098
1057
20264
26755
126
10197
20868
30255
7890
14713
32160
23051
13046
5469
25356
17575
11354
3057
26451
4014
10245
24148
31231
4354
13993
1808
8379
6588
15895
22250
28993
14920
7651
29982
21173
9444
847
27570
19481
14208
4139
30934
24445
10540
3719
26234
16849
2776
11635
25125
5236
13279
23330
31881
19760
27291
614
9677
21404
29751
7370
15201
28776
16190
6293
28356
18799
8594
1593
17120
25931
3510
10781
23628
31719
4890
13489
32696
22547
12526
5957
24852
18111
11842
2537
14416
8187
30470
20653
9980
343
27050
19969
1288
8867
19038
28149
7076
15375
21746
29529
23872
31467
4630
13757
17388
25671
3258
11025
24600
18355
12110
32436
22815
12770
5705
10224
91
26790
20237
14684
7927
30218
20897
6824
15619
29269
1028
9135
19282
27897
10272
3979
26486
16605
13964
4391
31194
24177
5496
13011
32133
3028
11391
17538
25385
21136
30011
7622
14957
19516
27543
874
9409
28616
18531
8350
1845
29028
22223
15922
6553
18688
28331
1622
8701
22444
28679
6394
16209
29784
21491
15118
7333
27380
19807
9634
521
13232
5147
31974
23373
11548
2743
25162
17889
3816
10563
16830
26133
4164
14319
24338
30905
15456
7115
29494
21661
1383
28058
18993
312
9875
20078
27077
8084
14399
20674
30569
18128
24955
2438
11821
22652
32727
5930
12417
31624
23587
13534
4981
25892
17039
10866
3545
9152
1131
27798
19261
15724
6855
29242
21905
7832
14643
20942
30309
52
10143
20322
26825
22896
32475
5670
12685
18396
24695
2186
12065
25640
17283
11134
3285
31364
23855
13778
4729
22176
28939
6646
15965
18444
28583
1882
8433
27640
19539
9390
773
30036
21247
14850
7593
11280
3003
25414
17645
12988
5399
32234
23105
4424
14051
24094
31157
4068
10319
16562
26393
7296
15147
21462
29821
556
9607
19834
27345
8664
1651
28302
18725
16244
6367
28706
22409
26160
16795
10598
3789
30876
24375
14282
23400
31939
5182
13205
17860
25199
2706
11577
27104
20043
9910
285
30540
20711
14362
8113
21688
29459
7150
15429
18964
28095
1346
8937
4944
13563
23558
3580
10839
17066
25857
11784
2467
24926
18165
5903
32754
22617
30272
20971
7869
26860
20295
10170
19224
27827
1102
9189
21940
29215
6882
3312
17318
25613
4700
13815
23818
31393
12712
5635
32510
22869
12036
2223
24658
18425
800
9355
19574
27613
7564
14887
21210
15992
6611
28974
8404
1919
28546
18473
31120
24123
14022
4461
26428
16535
10346
4033
2974
11317
23140
32207
12953
22443
16214
6397
28332
8698
19800
27379
526
9637
21492
29791
7330
15113
2736
11547
17894
25165
5148
13239
23370
31969
14312
30910
24341
10564
3823
16825
1376
8907
28061
15463
21658
29489
14392
8083
30574
20677
9876
319
27074
20073
32720
22651
12422
5933
24956
18135
11818
2433
17032
25891
3550
10869
23588
31631
4978
13529
6848
15723
21910
29245
1132
9159
19258
27793
10136
26830
20325
14644
7839
30306
20937
24688
18395
12070
2189
32476
22903
12682
5665
23848
31363
4734
13781
17284
25647
3282
11129
28576
18443
8438
1885
28940
22183
15962
6641
21240
30035
7598
14853
19540
27647
770
9385
5392
12987
23110
32237
11287
17642
25409
10312
4067
26398
16565
14052
4431
31154
24089
9600
555
27350
19837
15148
7303
29818
21457
6360
16243
22414
28709
1652
8671
18722
28297
30875
14285
26167
3786
10593
25192
17859
11582
2709
31940
23407
13202
5177
20704
30539
8118
14365
20044
27111
282
9905
18963
8942
1349
29460
21695
15426
7145
10832
3579
25862
17069
13564
4951
23553
5896
12451
32757
2468
11791
18162
24921
20288
26859
10173
20972
30279
7866
14609
29208
21939
15694
6885
27828
19231
9186
1097
13808
4699
31398
23821
11100
3319
25610
17313
2216
12035
18430
24661
5636
12719
22866
32505
14880
7563
30070
21213
9356
807
27610
19569
1912
8403
18478
28549
6612
15999
22146
28969
16528
26427
4038
10349
24124
31127
4458
14017
32200
23139
12958
5429
25444
17615
11314
2969
23296
31915
5206
13309
17836
25095
2810
11601
26200
16883
10510
3749
30964
24415
14242
4105
8624
1563
28390
18765
16156
6327
28746
7400
15171
21438
29717
580
9711
19730
27321
11872
2507
24886
18077
12492
5991
32666
22577
4920
13459
23662
31685
3476
10815
17090
25961
21712
29563
7046
15405
19068
28119
1322
8833
27016
20003
9950
373
20623
14450
8153
12736
5739
32406
22845
12140
2247
24634
18321
11059
17358
25701
4660
13727
23906
31433
19312
27867
1062
9101
21980
29303
6794
15649
30248
20867
14718
7893
26756
20271
10194
121
17568
25355
3062
11357
32167
5466
13041
31224
24147
13998
4357
16639
10242
4009
15888
6587
28998
22253
8380
1815
28650
18497
840
9443
19486
27573
7652
14927
21170
29977
3712
10539
16854
26237
4140
14215
24442
30929
13272
5235
31886
23333
11636
2783
25122
29744
21403
15206
7373
27292
19767
9674
609
18792
28355
1598
8597
28783
6290
16185
31712
23627
13494
4893
25932
17127
10778
3505
18104
24851
2542
11845
22548
32703
5954
12521
336
9979
19974
27053
8188
14423
20650
30465
15368
7075
29534
21749
8868
1295
28146
19033
25664
17387
11030
3261
31468
23879
13754
4625
22808
32435
5710
12773
18356
24607
12105
7920
14683
20902
30221
92
20234
26785
9128
1027
27902
19285
15620
6831
29266
22009
4384
13963
24182
31197
3980
10279
16602
26481
11384
3027
25390
17541
5503
32130
27536
19515
9414
877
30012
21143
14954
7617
22216
29027
6558
15925
18532
28623
8345
9728
427
26966
14508
7943
30714
20561
7000
15603
21518
29605
1524
8799
19106
27913
31515
13389
16924
26039
10977
25064
17987
2325
32580
22767
12306
6073
29899
7222
15261
19916
27239
666
9521
28216
18835
8558
1733
28820
22335
16322
6249
10704
3707
26246
14204
30762
24449
5256
13091
23518
31861
2596
11663
17778
25305
19648
27499
918
9277
21100
30151
7482
14993
29080
22067
16078
6501
28468
8290
1993
13936
31014
10460
3959
26506
16417
2856
11395
17534
25557
5508
12847
32121
14752
7691
30454
20829
9996
167
26714
20465
1272
9043
19374
27653
6740
15871
21762
29353
17168
25787
3142
11245
23996
31255
4842
32328
23011
12574
24804
18255
12210
2073
29568
21547
19079
8826
1489
20184
26995
398
9765
20596
30687
7970
13416
31550
10948
26002
16953
1760
8523
18870
28189
6220
16359
22298
15288
7187
29934
9492
27202
19945
31824
13062
25340
11690
2561
3678
10741
30735
14169
6464
16107
22038
29117
2028
8263
28433
9240
947
27470
19685
15028
7455
30178
25584
17499
11430
12810
30979
4606
13909
16388
26543
3922
10489
27680
19339
1245
29324
21799
15834
6769
20856
30419
7726
14725
20436
26751
130
10025
12603
22982
32365
2108
12183
18282
24769
11208
3171
25758
17205
4815
31282
23961
3328
10923
16982
26109
5036
13319
23802
31569
12376
6131
32526
22693
12020
2399
24994
17929
30640
20507
14566
8013
26908
20151
9802
481
19176
27971
1470
8725
21572
29679
15545
30816
24523
14134
4253
26316
16743
10650
3633
17720
25235
2670
11717
23444
31807
5314
13161
720
9595
19846
27181
7292
15319
29825
16264
6179
28894
22389
8484
1679
28274
18905
26560
16491
10390
3901
31084
24263
13882
4497
23192
32051
5582
12901
17460
25503
2914
11465
7536
15067
21030
30093
988
9335
19594
27425
8232
1923
28542
18645
16004
6447
29138
22137
4768
13579
24054
31325
3084
11175
17242
25841
12280
2131
24750
18181
12628
5887
32258
22953
26640
20411
10054
237
30396
20759
14826
7745
21832
29411
6686
15797
19428
27727
1202
8985
22656
32555
6102
12413
17964
24967
2426
11985
26072
17011
10894
3365
31604
23775
13346
5001
8752
1435
28006
19149
15516
6967
29642
21601
8040
14531
20542
30613
452
9839
20114
26937
11744
2635
25270
17693
13132
5351
31770
23473
4280
14099
24558
30789
3604
16706
26345
22352
28923
6150
16301
18940
28247
1706
8449
27144
19875
9566
757
29860
21263
15346
7257
12864
5611
32022
23229
11500
2887
25530
17425
3864
10419
16462
26597
4532
13855
24290
31049
18672
28507
1958
8205
22108
29175
16033
30120
15102
7509
27396
19631
9298
1017
18208
24715
2166
12253
22924
32295
5850
12657
31352
24019
13614
4741
25812
17279
11138
3113
15760
6715
29382
21869
9020
1175
27754
19393
200
10083
20382
26677
7780
20786
30361
23552
31659
4950
13565
17068
25863
10833
24920
18163
11790
2469
32756
22623
12450
5897
9904
283
27110
20045
14364
8119
30538
20705
7144
15427
21694
29461
1348
8943
18962
28089
10592
3787
16797
14284
30874
24369
5176
13203
23406
31941
2708
11583
17858
25193
21456
29819
7302
15149
19836
27351
554
9601
28296
18723
8670
1653
28708
22415
16242
6361
14016
4459
31126
24125
10348
4039
26426
16529
2968
11315
17614
25445
5428
12959
23138
32201
19568
27611
806
9357
21212
30071
14881
28968
22147
15998
6613
28548
18479
8402
1913
17312
25611
3318
11101
23820
31399
4698
13809
32504
22867
12718
5637
24660
18431
12034
2217
14608
7867
30278
20973
10172
26858
20289
1096
9187
19230
27829
6884
15695
21938
29209
2432
11819
18134
24957
12423
32721
13528
4979
31630
23589
10868
3551
25890
17033
29488
21659
7117
18999
8906
1377
20072
27075
318
9877
20676
30575
8082
14393
31968
23371
13238
5149
25164
17895
11546
2737
16824
26131
3822
10565
24340
30911
14313
1616
8699
18694
28333
6396
16215
28673
15112
7331
29790
21493
9636
527
27378
19801
25408
17643
11286
3005
32236
23111
12986
5393
24088
31155
4430
14053
16564
26399
4066
10313
6640
15963
22182
28941
1884
8439
18442
28577
9384
771
27646
19541
14852
7599
30034
5664
12683
22902
32477
2188
12071
18394
24689
11128
3283
25646
17285
13780
4735
31362
23849
27792
19259
9158
1133
29244
15722
6849
20936
30307
7838
14645
20324
26831
50
10137
30464
20651
14422
8189
27052
19975
9978
337
19032
28147
1294
21748
29535
7074
15369
3504
10779
17126
25933
4892
13495
23626
31713
12520
5955
32702
22549
11844
2543
24850
18105
608
9675
19766
27293
7372
15207
21402
29745
16184
6291
28782
8596
1599
28354
18793
30928
24443
14214
4141
26236
16855
10538
3713
17800
25123
2782
11637
23332
31887
5234
13273
7616
14955
21142
30013
876
9415
19514
27537
1843
28622
18533
15924
6559
22217
16603
10278
3981
31196
24183
13962
4385
32131
5502
13013
17540
3026
11385
26784
20235
10230
93
30220
20903
14682
7921
22008
29267
15621
19284
27903
1026
9129
4624
13755
23878
31469
11031
17386
25665
2275
24606
18357
12772
5711
32434
22809
8832
1323
28118
15404
7047
29562
21713
8152
14451
20622
30501
372
9951
20002
27017
22576
32667
5990
12493
18076
24887
2506
11873
25960
17091
10814
3477
31684
23663
13458
4921
22496
28747
6326
16157
18764
28391
1562
8625
19731
9710
581
29716
21439
15170
7401
11600
2811
25094
17837
13308
5207
31914
4104
14243
24414
30965
3748
10511
16882
26201
18496
28651
1814
8381
22252
28999
6586
15889
29976
21171
14926
7653
27572
19487
9442
841
13040
5467
32166
11356
3063
25354
17569
4008
10243
16638
26453
4356
13999
24146
31225
15648
6795
29302
21981
9100
1063
27866
19313
120
10195
20270
26757
7892
14719
20866
30249
18320
24635
2246
12141
22844
32407
5738
12737
23907
13726
4661
25700
17359
11058
3225
2560
11691
17750
25341
5292
13063
23546
31825
14168
4339
30734
24485
10740
3679
26274
16649
28848
22299
16358
6221
28188
18871
8522
1761
19944
27203
702
9493
21316
29935
7186
15289
32608
22731
12342
6045
25036
18023
11930
2353
16952
26003
3438
10949
23700
31551
5058
13417
1488
8827
19078
27949
7036
15575
21546
29569
14472
7971
30686
20597
9764
399
26994
20185
24768
18283
12182
2109
32364
22983
12602
5777
23960
31283
4814
13669
17204
25759
3170
11209
6768
15835
21798
29325
1244
19338
27681
10024
131
26750
20437
14724
7727
30418
20857
5536
12811
23286
32093
2828
11431
17498
25585
10488
3923
26542
16389
13908
4607
30978
24233
28432
18619
8262
2029
29116
22039
16106
6465
21064
30179
7454
15029
19684
27471
946
9241
24448
30763
14205
16684
26247
3706
10705
25304
17779
11662
2597
31860
23519
13090
5257
9520
27238
19917
15260
7223
29898
6248
16323
22334
28821
1732
8559
18834
28217
10976
3403
26038
16925
13388
5095
31514
23729
6072
12307
22766
32581
2324
17986
25065
20560
30715
7942
20220
426
9729
27912
19107
8798
1525
21519
15602
7001
4843
31254
23997
11244
3143
25786
17169
2072
12211
18254
24805
5812
12575
23010
32329
20464
26715
166
9997
30455
7690
14753
29352
21763
15870
6741
27652
19375
9042
1273
16416
26507
3958
10461
31015
4570
13937
32120
23251
12846
5509
17535
11394
2857
14992
7483
30150
21101
9276
919
19649
1992
8291
18590
28469
6500
16079
22066
29081
8448
1707
28246
18941
16300
6151
28922
22353
7256
15347
21262
29861
756
9567
19874
27145
23472
31771
13133
17692
25271
2634
11745
16707
10686
3605
30788
24559
14098
4281
21600
29643
6966
15517
19148
28007
1434
8753
26936
20115
9838
453
30612
20543
14530
8041
11984
2427
24966
17965
12412
6103
32554
22657
5000
13347
23774
31605
3364
10895
17010
26073
19392
27755
1174
9021
21868
29383
6714
15761
30360
20787
7781
26676
20383
10082
201
12656
5851
32294
22925
12252
2167
24714
18209
3112
11139
17278
25813
4740
13615
24018
31353
16032
6411
29174
22109
8204
1959
28506
18673
1016
19630
27397
7508
15103
20994
30121
17424
25531
2886
11501
23228
32023
5610
12865
31048
24291
13854
4533
26596
16463
10418
3865
29824
21291
15318
7293
27180
19847
9594
721
18904
28275
1678
8485
22388
28895
6178
16265
3632
10651
16742
26317
14135
24522
30817
13160
5315
31806
23445
11716
2671
25234
17721
480
9803
20150
26909
8012
14567
20506
30641
15544
6931
29678
21573
8724
1471
27970
19177
23803
13318
5037
26108
16983
10922
3329
17928
24995
2398
12021
22692
32527
6130
12377
7744
20758
30397
236
10055
20410
26641
8984
1203
27726
19429
15796
6687
29410
21833
17243
11174
3085
31324
13578
4769
22952
32259
5886
12629
18180
24751
2130
27424
19595
9334
989
30092
21031
15066
7537
22136
6446
16005
18644
28543
1922
8233
4496
13883
24262
31085
3900
10391
16490
26561
11464
2915
25502
12900
32050
23193
10240
26454
16637
13996
4359
31226
24145
5464
13043
23054
32165
3060
17570
25353
21168
29979
7654
14925
27575
842
9441
28648
18499
8382
1813
28996
22255
15890
6585
23904
31435
4662
13725
17356
25703
3226
11057
24632
18323
12142
2245
32404
22847
12738
5737
10192
26758
20269
14716
7895
30250
6792
15651
21982
29301
1060
9103
19314
27865
17088
25963
10813
23660
31687
4922
13457
32664
22579
12494
5989
24884
18079
11874
2505
14448
8155
30502
20621
9948
375
27018
20001
1320
8835
28117
7044
15407
21714
29561
4107
30966
24413
10508
3751
26202
16881
2808
11603
17838
25093
5204
13311
23298
31913
19728
27323
582
9709
21436
29719
7402
15169
28744
22499
16158
6325
28388
18767
8626
1561
32128
13014
5501
25388
17543
3025
16600
26483
3982
10277
24180
31199
4386
13961
1840
8347
18534
28621
6556
15927
22218
29025
14952
30014
9412
879
27538
19513
2272
12107
18358
24605
5708
12775
22810
32433
13752
4627
31470
23877
11028
3263
25666
17385
29264
22011
15622
6829
27900
19287
9130
1025
20232
26787
94
10229
20900
30223
7922
14681
5952
12523
22550
32701
2540
11847
18106
24849
10776
3507
25934
17125
13492
4895
31714
23625
28144
8870
1293
29532
21751
7073
14421
27055
338
25120
17803
11638
2781
31884
23335
13274
5233
24440
30931
4142
14213
16852
26239
3714
10537
16187
28781
1596
8599
18794
28353
9672
611
27294
19765
15204
7375
29746
21401
768
9387
19542
27645
7596
14855
21242
30033
15960
6643
28942
22181
1887
28578
18441
31152
24091
14054
4429
26396
16567
10314
4065
17640
25411
3006
11285
23108
32239
5394
12985
30304
20939
14646
7837
26828
20327
10138
49
27795
1134
9157
21908
29247
6850
15721
3280
11131
17286
25645
4732
13783
23850
31361
12680
5667
32478
22901
12068
2191
24690
18393
27072
20075
9878
317
30572
20679
14394
8081
21656
29491
7118
15461
18996
28063
1378
8905
4976
13531
23590
31629
3548
10871
17034
25889
11816
2435
24958
18133
12420
5935
32722
22649
7328
15115
21494
29789
524
9639
19802
27377
8696
1619
28334
18693
16212
6399
28674
22441
26128
16827
10566
3821
30908
24343
14314
4161
23368
31971
5150
13237
17892
25167
2738
22144
28971
6614
15997
18476
28551
1914
8401
27608
19571
9358
805
30068
21215
7561
11312
2971
25446
17613
12956
5431
32202
4456
14019
24126
31125
4036
10351
16530
26425
9184
1099
27830
19229
15692
6887
29210
21937
7864
14611
20974
30277
20
10175
20290
26857
22864
32507
5638
18428
24663
2218
12033
25608
17315
11102
3317
31396
23823
13810
4697
15424
7147
29462
21693
8940
1351
28090
18961
280
9907
20046
27109
8116
14367
20706
30537
18160
24923
2470
11789
22620
32759
5898
12449
31656
23555
13566
4949
25860
17071
10834
3577
18720
28299
1654
8669
22412
28711
6362
16241
29816
21459
15150
7301
27348
19839
9602
553
13200
5179
31942
23405
11580
2711
25194
17857
3784
10595
16798
26165
4196
14287
24370
30873
32256
22955
12630
5885
24748
18183
12282
2129
17240
25843
3086
11173
24052
31327
4770
13577
1200
8987
27725
6684
15799
21834
14824
7747
30398
20757
10052
239
26642
20409
2912
11467
17462
25501
5580
12903
23194
32049
13880
4499
31086
24261
10388
3903
26562
16489
29136
22139
16006
6445
28540
18647
8234
1921
19592
27427
990
9333
21028
30095
7538
15065
5312
13163
23446
31805
2668
11719
17722
25233
10648
3635
26318
16741
14132
4255
30818
24521
28272
18907
8486
1677
28892
22391
16266
6177
29827
7294
15317
19844
27183
722
9593
24992
17931
12022
32524
22695
12378
6129
23800
31571
5038
13317
16980
26111
3330
10921
6928
15547
21574
29677
1468
8727
19178
27969
9800
483
26910
20149
14564
8015
30642
20505
11136
3115
17277
13612
4743
31354
24017
5848
12659
22926
32293
2164
12255
18210
24713
7782
14797
20380
26679
202
27752
19395
9022
1173
29380
21871
15762
6713
31051
4534
13853
16460
26599
10417
25528
17427
11502
2885
32020
12866
5609
9296
1019
27398
19629
7511
30122
16035
22110
29173
1956
8207
18674
28505
16704
26347
3606
10685
24556
30791
4282
14097
31768
23475
13134
5349
25268
17695
11746
2633
15344
7259
29862
9564
27146
19873
1704
8451
28245
16303
13344
5003
31606
10892
3367
26074
17009
2424
11987
17966
24965
6100
12415
22658
32553
20112
454
9837
30615
8042
29640
21603
15518
28004
19151
8754
1433
21760
29355
6742
15869
19372
27655
1274
9041
26712
20467
9998
165
30452
14754
7689
12208
2075
24806
18253
12572
5815
32330
23009
4840
13635
23998
31253
3140
11247
17170
8288
1995
28470
18589
16076
29082
22065
7480
14995
30149
916
9279
19650
27497
23248
32123
5510
12845
17532
25559
2858
11393
26504
16419
10462
3957
31012
13938
4569
16320
28822
22333
8556
1735
28218
18833
664
9523
19918
27237
7220
15263
29897
17776
25307
2598
11661
23516
31863
5258
13089
30760
24451
4309
26244
16687
10706
3705
19104
27915
1526
8797
21516
29607
7002
15601
30712
20563
14510
7941
26964
20223
9730
425
12304
6075
32582
22765
11964
2327
25066
17985
3400
10979
16926
26037
5092
13391
23730
31513
128
10027
20438
26749
7724
14727
30417
15832
6771
29326
21797
9076
1247
27682
19337
31280
23963
13670
4813
25756
17207
11210
3169
24771
2110
22980
5778
12601
30176
15030
7453
27468
19687
9242
945
18616
28435
2030
8261
22036
29119
16105
3920
10491
16390
26541
4604
13911
30977
12808
5539
32094
23285
11428
2831
25586
17497
27200
19947
9494
701
29932
21319
15290
7185
22296
28851
16357
18868
28191
1762
8521
4336
14171
24486
30733
3676
10743
16650
26273
11688
25342
17749
13060
31826
7968
14475
20598
30685
396
9767
20186
26993
8824
1491
27950
19077
15572
7039
21545
26000
16955
10950
3437
31548
23703
13418
5057
22728
32611
6046
12341
18020
25039
2354
11929
1024
9131
19286
27901
6828
15623
22010
29265
14680
7923
30222
20901
10228
95
26786
20233
32432
22811
12774
5709
24604
18359
12106
2273
17384
25667
3262
11029
23876
31471
4626
13753
29024
22219
15926
6557
28620
18535
1841
19512
27539
878
9413
21140
30015
7618
14953
3024
11387
17542
25389
5500
13015
32129
13960
4387
31198
24181
10276
3983
26482
16601
28352
18795
1597
28780
16186
6289
21400
29747
7374
15205
19764
27295
610
9673
5232
13275
23334
31885
2780
11639
17802
25121
10536
3715
26238
16853
14212
4143
30930
24441
7072
15371
21750
29533
1292
8871
19034
28145
9976
339
27054
19973
14420
8191
30466
20649
24848
18107
11846
2541
32700
22551
12522
5953
23624
31715
4894
13493
17124
25935
3506
10777
20864
30251
7894
14717
20268
26759
122
10193
27864
19315
9102
1061
29300
21983
15650
6793
11056
3227
25702
17357
13724
31434
23905
5736
12739
22846
32405
2244
12143
18322
24633
9440
843
19485
14924
7655
29978
21169
6584
15891
22254
28997
1812
8383
18498
28649
24144
31227
4358
13997
16636
26455
4010
10241
25352
17571
11358
3061
32164
13042
5465
15168
7403
29718
21437
9708
583
27322
19729
1560
8627
18766
28389
16159
22498
28745
16880
26203
3750
10509
24412
30967
4106
14241
31912
5205
25092
17839
11602
20000
27019
374
9949
20620
30503
14449
29560
21715
15406
7045
28116
19071
8834
1321
13456
4923
31686
23661
3479
25962
17089
2504
11875
18078
24885
5988
12495
22578
32665
12032
2219
24662
18429
12716
5639
32506
22865
4696
13811
31397
3316
11103
17314
25609
21936
29211
6886
15693
19228
27831
1098
9185
26856
20291
10174
21
30276
20975
14610
7865
23136
32203
5430
12957
17612
25447
2970
11313
26424
16531
10350
4037
31124
24127
14018
4457
8400
1915
28550
18477
15996
6615
28970
22145
7560
14883
21214
30069
804
9359
19570
27609
17856
25195
2710
23404
31943
5178
13201
30872
24371
14286
4197
26164
16799
3785
16240
6363
28710
22413
8668
1655
28298
18721
552
9603
19838
27349
7300
21458
29817
12448
5899
32758
22621
11788
2471
24922
3576
17070
4948
13567
23554
31657
18960
28091
1350
8941
29463
7146
15425
30536
20707
14366
8117
27108
20047
9906
281
31360
23851
13782
4733
25644
17287
11130
3281
18392
24691
2190
12069
22900
32479
5666
12681
48
10139
20326
26829
7836
14647
20938
30305
15720
6851
29246
21909
9156
1135
27794
19257
4064
10315
16566
26397
4428
14055
24090
31153
12984
5395
32238
23109
11284
3007
17641
30032
21243
14854
7597
27644
19543
9386
769
18440
28579
1886
8437
22180
28943
6642
15961
4160
14315
24342
30909
3820
10567
16826
26129
2739
25166
17893
13236
5151
31970
23369
27376
19803
9638
525
29788
21495
15114
7329
28675
16213
18692
28335
1618
8697
25888
17035
10870
3549
31628
23591
13530
4977
22648
32723
5934
12421
24959
2434
11817
8080
14395
20678
30573
316
9879
20074
27073
8904
1379
28062
18997
15460
7119
21657
20992
30123
7510
15101
27399
1018
9297
28504
18675
8206
1957
29172
22111
16034
6409
10416
3867
26598
16461
13852
4535
31050
5608
12867
23230
32021
2884
11503
17426
25529
10080
203
26678
20381
14796
7783
30362
20785
6712
15763
21870
29381
1172
9023
19394
27753
24016
31355
4742
13613
17276
3114
11137
24712
18211
12254
2165
32292
22927
12658
5849
14528
8043
30614
20541
9836
455
26938
20113
1432
8755
19150
28005
6964
15519
21602
29641
17008
26075
3366
10893
31607
5002
13345
32552
22659
12414
6101
24964
17967
11986
2425
19872
27147
758
9565
21260
29863
7258
15345
28920
22355
16302
6149
28244
18943
8450
1705
14096
4283
30790
24557
10684
3607
26346
16705
2632
11747
17694
25269
5348
13135
23474
31769
1920
8235
18646
28541
16007
22138
29137
15064
7539
30094
21029
9332
991
27426
19593
32048
12902
5581
25500
17463
2913
16488
26563
3902
10389
31087
4498
13881
21835
15798
6685
27724
19431
8986
1201
20408
26643
238
10053
20756
30399
7746
14825
2128
12283
18182
24749
5884
13576
4771
31326
11172
3087
25842
17241
27968
19179
8726
1469
29676
21575
15546
30643
8014
14565
20148
26911
482
9801
6128
12379
22694
2396
17930
24993
10920
16981
5039
31570
23801
16267
22390
28893
1676
8487
18906
28273
9592
723
27182
19845
15316
7295
29826
25232
17723
11718
2669
31804
13162
24520
30819
4254
14133
16740
26319
3634
10649
30976
24235
13910
4605
26540
16391
10490
3921
17496
25587
2830
11429
23284
32095
5538
12809
944
9243
19686
27469
7452
15031
30177
16104
29118
22037
8260
2031
28434
18617
3168
11211
17206
25757
4812
13671
23962
31281
12600
5779
32366
22981
12180
2111
24770
18281
30416
20859
14726
7725
26748
20439
10026
129
19336
1246
9077
21796
29327
6770
15833
5056
13419
23702
31549
3436
10951
16954
26001
11928
2355
25038
18021
12340
6047
32610
22729
26992
20187
9766
397
30684
20599
14474
7969
21544
7038
15573
19076
27951
1490
8825
26272
16651
10742
3677
30732
24487
14170
4337
23544
31827
5294
13061
17748
25343
2562
11689
7184
15291
21318
29933
700
9495
19946
27201
8520
1763
28190
18869
16356
6223
28850
22297
11392
2859
25558
17533
12844
5511
32122
23249
4568
13939
31013
3956
10463
16418
26505
22064
29083
6502
16077
18588
28471
1994
8289
27496
19651
9278
917
30148
14994
7481
23008
32331
5814
12573
18252
24807
2074
12209
25784
17171
11246
3141
31252
23999
13634
4841
9040
1275
27654
19373
15868
6743
29354
21761
7688
20830
30453
164
9999
20466
17984
25067
2326
11965
22764
32583
6074
12305
31512
23731
13390
5093
26036
16927
10978
3401
15600
7003
21517
8796
1527
27914
19105
424
9731
20222
26965
7940
14511
20562
30713
13088
5259
31862
23517
11660
2599
25306
17777
10707
16686
26245
4308
14207
24450
30761
18832
28219
1734
8557
22332
28823
6250
16321
27236
9522
665
8192
6407
29178
22097
7512
15091
21006
30117
1012
9311
27401
23216
32027
5606
12877
17436
25527
2890
11489
26600
16451
10430
3861
31044
24303
13842
4537
21856
29387
6710
15773
19404
27751
9009
26680
20371
10094
30356
20799
14786
7785
12240
2171
24710
18221
12668
5847
32298
22913
13603
24030
31349
3108
11151
17266
25817
28011
8765
21612
29639
6970
15505
30616
20531
14542
8037
26932
20127
9826
457
12400
6107
32550
22669
11996
2423
24970
17953
3368
10883
17022
26069
4996
13359
23762
31609
16288
6155
28918
22365
1703
18929
760
9555
19886
27141
7252
15359
21250
29865
17680
25275
2630
11757
23484
31767
5354
13121
30792
24547
14110
4277
26340
16719
10674
3609
30080
21035
15062
7549
27436
9338
977
18648
28531
1934
8229
22132
29151
6434
16009
3888
10395
16486
26573
4508
13879
24266
31073
12904
5571
32062
23189
11460
2927
25490
17465
224
10059
20406
26653
7756
14823
20762
30385
15800
6675
29422
21829
8980
1215
27714
19433
31312
24059
13574
4781
25852
17239
11178
3073
18184
24739
2142
12277
22948
32271
5874
12633
8000
14571
20502
30653
492
9799
20154
26897
8728
1459
27982
19173
15540
6943
29666
21577
26096
16987
10918
3341
31580
23799
13322
5025
22696
32515
6142
12373
17924
25007
2386
12025
27168
19851
9590
733
29836
21287
15322
7281
22392
28883
6190
16261
18900
28287
1666
8489
4240
14139
24518
30829
3644
10647
16746
26305
11720
2659
25246
17717
13156
5327
31794
23449
2816
11435
17494
25597
5548
12807
23290
32081
13912
4595
30990
24229
10484
3935
26530
16393
29104
22043
16102
6477
28444
18615
8266
2017
19688
958
21060
30191
7442
15033
32352
12598
24780
12186
2097
17208
25747
3182
11205
23956
31295
4802
13673
1232
9083
19334
6780
15831
21802
29313
14728
7715
30430
20853
10020
143
26738
20441
25024
18027
11926
2365
32620
22727
12346
6033
23704
31539
5070
13413
26015
3426
10953
7024
15579
21542
29581
1500
8823
19082
27937
9768
387
27006
20181
14468
7983
30674
20601
5280
13067
23542
31837
2572
11687
17754
25329
3667
26286
16645
14164
4351
24489
28176
18875
8518
1773
28860
22295
16362
6209
21320
29923
7198
15285
19940
27215
690
9497
24192
31019
4566
13949
16428
26503
3962
10449
25560
17523
11406
2853
32116
23263
12834
5513
9264
923
27494
19661
15004
7479
30154
21089
6504
16067
22078
29077
1988
8303
18578
28473
11232
3147
25782
17181
13644
4839
31258
23985
5816
12563
23022
32325
2068
12223
18242
24809
20816
30459
7686
14765
20476
26711
170
9985
19363
9054
1269
29348
21775
15858
6745
13376
5099
31510
23741
10988
3399
26042
16913
11955
17998
25061
6068
22754
32585
20208
26971
422
9741
20572
30711
7946
14497
21507
15614
6997
27908
19119
8786
1529
16672
26251
3702
10717
24460
30759
4314
14193
31864
23507
13102
5253
25300
17791
11650
2601
15248
7227
29894
21357
9532
663
27242
19905
1736
8547
18846
28213
6244
16335
22322
28825
30208
14678
7933
26796
20231
10234
19288
27891
1038
9125
22004
29279
6818
15625
3248
11035
17382
25677
13751
23882
31457
12776
5699
32446
22805
12100
2287
24594
18361
864
9419
19510
7628
14951
21146
30001
15928
6547
29038
22213
8340
1855
28610
18537
31184
24187
13958
4397
26492
16599
10282
3969
17544
25379
3038
11381
32143
5490
13017
7360
15211
21398
29757
620
9671
19770
27281
8600
1587
28366
18789
16180
6303
28770
22473
26224
10534
3725
30940
24439
14218
23336
31875
5246
13269
17796
25135
2770
11641
27040
19979
9974
349
30476
20647
14426
8177
21752
29523
7086
15365
19028
28159
1282
8873
4880
13499
23622
31725
3516
10775
17130
25921
11848
2531
24862
18101
12516
5967
32690
22553
9088
1067
27862
19325
15660
6791
29306
21969
7896
14707
20878
30245
116
20258
26761
32411
18332
24631
2250
12129
25704
17347
11070
3221
23919
13714
22240
29003
6582
15901
18508
28647
1818
27576
19475
9454
837
29972
21183
14914
7657
11344
3067
25350
17581
13052
5463
32170
4360
13987
24158
31221
4004
10255
16626
26457
18752
28395
1558
8637
22508
28743
6330
16145
29720
21427
15182
7397
27316
19743
9698
585
13296
5211
31910
23309
11612
2807
25098
17825
3752
10499
16894
26197
4100
14255
24402
30969
15392
7051
29558
21725
8844
1319
28122
19057
376
9939
20014
27013
8148
14463
20610
30505
18064
24891
2502
11885
22588
32663
5994
12481
31688
23651
13470
4917
25956
17103
10802
3481
23808
31403
4694
13821
17324
25607
3322
11089
24664
18419
12046
2213
32500
22879
12706
5641
10160
27
20301
14620
7863
30282
20961
6888
21950
29205
1092
9199
19218
27833
4043
16541
14028
4455
24113
5432
12947
23150
32197
2964
11327
17602
21200
30075
7558
14893
19580
810
9345
18467
8414
1909
28964
22159
15986
6617
14272
4203
30870
24381
10604
3783
26170
16785
2712
11571
17870
25189
5172
13215
23394
31945
19824
27355
550
9613
21468
29815
7306
15137
28712
16254
18735
8658
1657
17056
10845
23564
31655
4954
13553
32760
22611
12462
5893
24916
11778
2473
14352
8123
30534
20717
9916
279
27114
20033
18974
7140
15439
21682
29465
2176
12075
18390
24701
5676
12679
22906
32465
13784
4723
31374
23845
11124
3295
25634
17289
29232
21915
15718
6861
27804
19255
9162
1121
20328
62
10133
20932
30319
7826
14649
32224
23115
12982
5405
25420
17639
11290
2993
16568
26387
4078
10309
24084
31167
4418
14057
1872
8443
18438
28589
6652
15959
22186
28929
14856
7587
30046
21237
9380
783
27634
19545
25152
17899
11542
2749
31980
23367
13242
5137
24344
30899
4174
14309
16820
26143
3810
10569
6384
16219
22438
28685
1628
8695
18698
28321
9640
515
27390
19797
15108
7343
21497
5920
12427
22646
32733
2444
11815
18138
24945
10872
3539
25902
17029
13524
4991
31618
23593
28048
19003
8902
1389
29500
21655
15466
7105
20680
30563
8094
14389
20068
27087
306
9881
3072
11179
17238
25853
13575
24058
31313
12632
5875
32270
22949
12276
2143
24738
18185
30384
20763
14822
7757
26652
20407
10058
225
19432
8981
21828
29423
6674
15801
24267
13878
4509
26572
3889
17464
25491
2926
11461
23188
32063
5570
12905
976
9339
19590
7548
15063
21034
30081
16008
6435
29150
22133
8228
1935
28530
18649
26304
16747
10646
3645
30828
24519
14138
4241
23448
31795
5326
13157
17716
25247
2658
11721
7280
15323
21286
29837
732
9591
19850
27169
1667
18901
16260
6191
28882
22393
13323
31581
10919
16986
26097
12024
25006
17925
12372
6143
32514
22697
26896
20155
493
30652
20503
14570
8001
21576
29667
6942
15541
19172
27983
1458
8729
22912
32299
5846
12669
18220
24711
2170
12241
25816
17267
11150
3109
31348
24031
13602
4745
9008
1179
27750
19405
15772
6711
29386
21857
7784
14787
20798
30357
196
10095
20370
26681
11488
2891
17437
12876
5607
32026
23217
4536
13843
24302
31045
3860
10431
16450
26601
22096
29179
6406
16045
18684
28503
1962
8193
19619
9310
1013
30116
21007
15090
7513
13120
5355
31766
23485
11756
2631
25274
17681
3608
16718
26341
4276
14111
24546
30793
18928
1702
22364
28919
6154
16289
29864
15358
7253
27140
19887
9554
761
17952
24971
2422
11997
22668
32551
6106
31608
23763
13358
4997
26068
17023
10882
3369
15504
6971
29638
21613
8764
1431
28010
19137
456
20126
26933
8036
14543
20530
30617
9984
171
26710
20477
14764
7687
30458
20817
6744
15859
21774
29349
1268
9055
19362
23984
31259
4838
13645
17180
25783
3146
11233
24808
18243
12222
2069
32324
23023
12562
5817
21088
30155
7478
19660
922
28472
18579
8302
1989
29076
22079
16066
6505
10448
3963
26502
16429
13948
4567
31018
5512
12835
23262
32117
2852
11407
17522
19904
27243
662
9533
21356
29895
7226
15249
28824
22323
16334
6245
28212
18847
8546
1737
14192
4315
24461
3703
26250
16673
2600
11651
17790
25301
5252
13103
23506
31865
14496
7947
30710
20573
9740
423
26970
20209
8787
19118
27909
6996
15615
29609
16912
26043
3398
10989
23740
31511
5098
13377
32584
22755
12318
6069
25060
17999
11954
2329
29312
21803
15830
6781
27692
19335
9082
1233
20440
26739
142
10021
20852
30431
7714
14729
2096
12187
18278
24781
5788
12599
22986
32353
13672
4803
31294
23957
11204
3183
25746
17209
2016
8267
18614
28445
6476
16103
22042
29105
15032
7443
30190
21061
9236
959
27458
19689
32080
23291
12806
5549
17495
11434
2817
16392
26531
3934
10485
24228
30991
4594
13913
6208
16363
22294
28861
1772
8519
18874
28177
9496
691
27214
19941
7199
29922
21321
25328
17755
11686
2573
31836
23543
13066
5281
24488
30723
4350
14165
16644
26287
3666
10745
27936
19083
8822
1501
21543
15578
7025
20600
30675
7982
14469
20180
27007
386
9769
6032
12347
22726
32621
2364
11927
18026
25025
10952
3427
16949
13412
5071
31538
23705
23040
32171
5462
13053
17580
25351
3066
26456
16627
10254
4005
31220
24159
13986
4361
8368
1819
28646
15900
6583
29002
22241
7656
14915
21182
29973
836
9455
19474
27577
12128
2251
24630
18333
12748
5735
32410
22833
4664
13715
23918
31429
3220
11071
17346
25705
21968
29307
6790
15661
19324
27863
1066
9089
20259
10206
117
30244
20879
14706
7897
12480
5995
32662
22589
11884
2503
24890
18065
10803
25957
4916
13471
23650
31689
19056
28123
1318
8845
21724
29559
7050
15393
30504
20611
14462
8149
27012
20015
9938
377
17824
25099
2806
11613
23308
31911
5210
13297
30968
24403
14254
4101
26196
16895
10498
3753
16144
6331
28742
22509
8636
1559
28394
18753
584
9699
19742
27317
7396
15183
21426
29721
3968
10283
16598
26493
4396
13959
24186
31185
13016
5491
32142
11380
3039
25378
17545
30000
21147
14950
7629
27548
19511
9418
865
18536
28611
1854
8341
22212
29039
6546
15929
31456
23883
13750
4637
25676
17383
11034
3249
18360
24595
2286
12101
22804
32447
5698
12777
80
10235
20230
26797
7932
14679
20906
30209
15624
6819
29278
22005
9124
1039
27890
19289
25920
17131
10774
3517
31724
23623
13498
4881
22552
32691
5966
12517
18100
24863
2530
11849
8176
14427
20646
30477
348
9975
19978
27041
8872
1283
19029
15364
7087
29522
21753
4128
14219
24438
30941
3724
10535
16858
26225
11640
2771
25134
17797
13268
5247
31874
23337
27280
19771
9670
621
29756
21399
15210
7361
28771
6302
16181
18788
28367
1586
8601
28928
22187
15958
6653
18439
8442
1873
19544
782
9381
21236
30047
7586
14857
2992
11291
17638
25421
5404
12983
23114
32225
14056
4419
31166
24085
10308
4079
26386
16569
19254
15719
29233
14648
7827
30318
20933
10132
63
20329
32464
22907
12678
5677
24700
18391
12074
2177
17288
3294
23844
31375
4722
13785
7104
15467
21654
29501
1388
8903
19002
28049
9880
307
27086
20069
14388
8095
30562
20681
24944
18139
11814
2445
32732
22647
12426
5921
23592
31619
17028
3538
10873
28320
18699
1629
28684
22439
16218
6385
21496
29779
7342
19796
27391
514
9641
5136
13243
23366
31981
2748
11543
17898
10568
16821
14308
4175
30898
24345
9344
811
27606
19581
14892
7559
30074
21201
6616
15987
22158
28965
1908
8415
18466
28553
24112
31131
4454
14029
16540
26423
4042
10337
17603
11326
2965
32196
23151
12946
5433
20960
30283
7862
14621
20300
26855
26
10161
27832
19219
9198
1093
29204
21951
15682
6889
11088
3323
25606
17325
13820
4695
23809
5640
12707
22878
32501
2212
12047
18418
24665
20032
27115
278
9917
20716
30535
8122
14353
21683
15438
7141
28084
18975
8930
1353
13552
4955
31654
23565
10844
3575
25866
17057
2472
11779
18174
24917
5892
22610
32761
15136
7307
29814
21469
9612
551
1656
8659
18734
28293
6356
16255
22402
28713
16784
26171
3782
10605
24380
30871
4202
14273
31944
13214
5173
25188
17871
11570
2713
30720
24491
16647
10746
3665
17752
25331
2574
11685
23540
31839
5282
13065
688
19942
27213
7196
15287
21322
29921
16360
6211
28862
22293
8516
28178
18873
3424
10955
16950
26013
5068
13415
23706
31537
12344
6035
32622
11924
2367
25026
18025
30672
20603
14470
7981
27004
9770
385
27939
1502
8821
21540
7026
15577
4800
13675
23958
31293
3180
11207
25745
12184
24782
18277
12596
5791
32354
22985
26736
20443
10022
141
30428
20855
14730
7713
21800
29315
6782
15829
19332
27695
1234
9081
26528
16395
10486
3933
30988
24231
13914
4593
23288
32083
5550
12805
17492
2818
11433
7440
15035
21062
30189
956
9239
19690
27457
8264
2019
28446
18613
16100
6479
29106
22041
11648
2603
25302
17789
13100
5255
31866
23505
4312
14195
24462
30757
3700
10719
16674
26249
22320
28827
6246
16333
18844
28215
1738
8545
27240
19907
9534
661
29892
21359
15250
7225
22752
32587
6070
12317
17996
25063
2330
11953
26040
16915
10990
3397
31508
23743
13378
5097
8784
1531
27910
19117
15612
6999
29610
21505
7944
14499
20574
30709
420
9743
20210
26969
18240
24811
2070
12221
23020
32327
12561
31256
23987
13646
4837
25780
17183
11234
3145
15856
6747
29350
21773
9052
1271
27658
19361
168
9987
20478
26709
7684
14767
30457
12832
5515
32118
23261
11404
2855
17521
3960
10451
16430
26501
4564
13951
24194
31017
18576
28475
1990
8301
22076
29079
6506
16065
30152
21091
15006
7477
27492
19663
9266
921
21248
29867
7254
15357
19884
27143
762
9553
28248
18931
8462
1701
28916
22367
16290
6153
3611
26342
16717
14108
4279
30794
24545
5352
13123
23486
31765
2628
11759
17682
25273
459
26934
20125
14540
8039
30618
20529
6968
15507
29637
1428
8767
19138
28009
23760
31611
4998
13357
17020
26071
3370
10881
17955
11998
2421
32548
22671
12402
6105
14784
7787
30358
20797
10092
199
26682
1176
9011
19406
27749
6708
15775
21858
29385
17264
25819
3110
11149
24028
31351
4746
13601
32296
22915
12670
5845
24708
18223
12242
2169
19616
27403
1014
21004
30119
7514
15089
22099
16046
6405
28500
18687
13840
4539
31046
24301
10428
3863
26602
16449
2888
11491
17438
5604
23218
32025
1664
8491
18902
28285
6188
16263
22394
28881
15320
7283
29838
21285
9588
735
27170
19849
31792
23451
13158
5325
25244
17719
11722
2657
16744
26307
3646
24516
30831
4242
14137
29664
21579
15542
6941
27980
19175
8730
1457
20152
26899
494
9797
20500
30655
8002
14569
2384
12027
17926
25005
6140
12375
22698
32513
13320
5027
31582
23797
10916
3343
26098
16985
27712
19435
8982
29420
21831
15802
6673
20760
30387
7758
20404
26655
226
10057
5872
12635
22950
32269
2140
12279
18186
24737
11176
3075
25854
17237
13572
4783
31314
24057
6432
16011
22134
29149
1932
8231
18650
28529
9336
979
27438
19589
15060
7551
30082
21033
25488
17467
11462
2925
32060
23191
12906
5569
24264
31075
4510
13877
16484
26575
3890
10393
11776
2475
24918
18173
12460
5895
32762
22609
4952
13555
23566
31653
3572
10847
17058
25865
21680
29467
7142
15437
18972
1354
8929
27112
20035
9918
277
30532
20719
14354
8121
23392
31947
5174
13213
17868
25191
2714
11569
26168
16787
3781
30868
24383
14274
8656
1659
28294
18733
16252
6359
28714
22401
7304
15139
21470
29813
548
9615
19826
27353
17600
25451
2966
11325
23148
32199
5434
12945
31128
24115
14030
4453
26420
16543
10338
15984
6619
28966
22157
8412
1911
28554
18465
808
9347
19582
27605
7556
14895
21202
30073
12704
5643
32502
22877
12044
2215
24666
18417
3320
11091
17326
25605
4692
13823
31401
19216
27835
1094
9197
21948
29207
6890
15681
30280
20963
14622
7861
26852
20303
10162
25
31616
23595
13526
4989
25900
17031
10874
3537
18136
24947
2446
11813
32735
5922
12425
304
9883
27085
8092
14391
20682
30561
15464
7107
29502
21653
8900
1391
19001
3808
10571
16822
26141
14311
24346
30897
13240
5139
31982
23365
2751
25154
17897
29776
21499
15110
7341
27388
19799
9642
513
18696
28323
1630
8693
22436
28687
6386
16217
4416
14059
24086
31165
4076
10311
16570
26385
11288
2995
25422
17637
12980
5407
32226
23113
27632
19547
9382
781
30044
21239
14858
7585
22184
28931
6654
15957
18436
28591
1874
8441
25632
17291
11126
3293
31372
23847
13786
4721
22904
32467
5678
12677
18388
24703
2178
12073
7824
14651
20934
30317
60
10135
20330
26817
9160
1123
27806
19253
15716
6863
29234
21913
1280
8875
7084
15367
21754
29521
14424
8179
30478
20645
9972
351
27042
19977
32688
22555
12518
5965
24860
18103
11850
2529
3518
10773
23620
31727
4882
13497
28768
22475
16182
6301
28364
18791
1585
19768
622
9669
21396
29759
7362
15209
2768
11643
17798
25133
5244
13271
23338
31873
14216
4131
30942
10532
3727
26226
16857
28608
18539
8342
1853
22215
15930
6545
21144
30003
7630
14949
19508
27551
866
9417
5488
13019
32141
3036
11383
17546
10280
3971
16597
13956
4399
31186
24185
6816
15627
22006
29277
1036
9127
19290
27889
10232
83
30210
20905
18363
2285
32444
22807
12778
5697
23880
4638
13749
17380
25679
11033
20608
8150
14461
20012
27015
378
9937
28120
19059
8846
1317
29556
21727
15394
7049
10800
3483
25958
17101
13468
4919
31690
23649
5992
12483
22590
32661
2500
11887
18066
24889
9696
587
27318
19741
15180
7399
29722
21425
6328
16147
22510
28741
1556
8639
18754
28393
24400
4102
14253
16892
26199
3754
10497
25096
17827
11614
2805
31908
23311
13298
5209
14912
7659
29974
21181
9452
839
27578
19473
1816
8371
18510
28645
6580
15903
22242
29001
16624
26459
4006
10253
24156
31223
4362
13985
32168
23043
13054
5461
25348
17583
11346
3065
20256
26763
118
10205
20876
30247
7898
14705
29304
21971
15662
6789
27860
19327
9090
1065
13712
4667
23917
11068
3223
25706
17345
2248
12131
18334
24629
5732
12751
22834
32409
21504
29611
6998
15613
27911
1530
8785
26968
20211
9742
421
30708
20575
14498
7945
11952
2331
25062
17997
12316
6071
32586
22753
5096
13379
23742
31509
3396
10991
16914
26041
1739
28214
18845
16332
6247
28826
22321
7224
15251
21358
29893
660
9535
19906
27241
23504
31867
5254
13101
17788
25303
2602
11649
26248
16675
10718
3701
30756
24463
14194
4313
16064
6507
29078
22077
8300
1991
28474
18577
920
9267
19662
27493
7476
15007
21090
30153
17520
2854
11405
23260
32119
5514
12833
31016
24195
13950
4565
26500
16431
10450
3961
19360
9053
21772
29351
6746
15857
30456
20819
14766
26708
20479
9986
169
12560
5819
32326
23021
12220
2071
24810
18241
3144
11235
17182
4836
13647
23986
31257
384
9771
20182
27005
7980
14471
20602
30673
15576
7027
29582
21541
8820
1503
27938
19081
31536
23707
13414
5069
26012
16951
10954
3425
18024
2366
11925
22724
32623
6034
12345
29920
21323
15286
7197
27212
19943
9498
689
18872
28179
1774
8517
22292
28863
6210
16361
3664
10747
16646
26285
4348
14167
24490
30721
13064
5283
31838
23541
11684
2575
25330
17753
27456
19691
9238
957
30188
21063
15034
22040
29107
6478
16101
18612
28447
2018
8265
4592
13915
24230
30989
3932
10487
16394
26529
11432
2819
17493
12804
5551
32082
23289
7712
14731
20854
30429
140
10023
20442
26737
9080
1235
27694
19333
15828
6783
29314
21801
25744
17211
11206
3181
31292
23959
13674
4801
22984
32355
5790
12597
18276
24783
2098
12185
32512
22699
12374
6141
17927
12026
2385
16984
26099
3342
10917
23796
31583
5026
13321
1456
8731
19174
27981
6940
15543
29665
14568
8003
30654
20501
9796
495
26898
20153
2656
11723
17718
25245
5324
13159
23450
31793
14136
4243
24517
3647
16745
28880
22395
16262
6189
28284
18903
8490
1665
19848
734
9589
21284
29839
7282
15321
5568
23190
32061
2924
17466
3891
16485
13876
31074
24265
28528
18651
22135
16010
6433
21032
30083
7550
15061
19588
27439
978
18187
2141
32268
12634
5873
6672
15803
21830
29421
1212
8983
19434
10056
227
26654
30386
20761
10880
3371
26070
17021
13356
4999
31610
23761
6104
12403
22670
32549
2420
11999
17954
20528
30619
8038
14541
20124
26935
458
9825
28008
19139
8766
1429
29636
15506
6969
24544
30795
4278
14109
16716
26343
3610
17683
31764
23487
13122
5353
9552
763
27142
19885
15356
7255
29866
21249
6152
16291
22366
28917
1700
8463
18930
28249
16448
26603
3862
10429
24300
31047
4538
13841
32024
23219
5605
17439
11490
2889
15088
7515
30118
21005
9308
1015
27402
19617
1960
8195
18686
28501
6404
16047
22098
29177
13600
4747
31350
24029
11148
3111
25818
17265
2168
18222
5844
12671
32297
26683
198
10093
20796
30359
7786
29384
21859
15774
6709
27748
19407
9010
1177
512
9643
19798
27389
7340
15111
21498
29777
16216
6387
28686
22437
8692
1631
28322
18697
30896
24347
14310
26140
16823
10570
3809
17896
2750
11541
23364
31983
5138
13241
30560
20683
14390
8093
27084
20071
9882
305
19000
28051
1390
8901
21652
29503
7106
15465
3536
10875
17030
25901
4988
13527
23594
12424
5923
32734
22645
11812
2447
24946
18137
26816
20331
10134
30316
20935
14650
7825
21912
29235
6862
15717
19252
27807
1122
9161
4720
13787
23846
31373
3292
11127
17290
25633
12072
2179
24702
18389
12676
5679
32466
22905
7584
14859
21238
30045
780
9383
19546
27633
1875
28590
18437
15956
6655
28930
22185
26384
16571
10310
4077
31164
24087
14058
4417
23112
32227
5406
12981
17636
25423
2994
11289
22400
28715
6358
16253
18732
28295
1658
8657
27352
19827
9614
549
29812
21471
15138
7305
11568
2715
25190
17869
13212
5175
31946
23393
14275
24382
30869
3780
10607
16786
26169
8928
1355
28086
18973
15436
7143
29466
21681
8120
14355
20718
30533
276
9919
20034
27113
22608
32763
5894
12461
18172
24919
2474
11777
17059
10846
3573
31652
23567
13554
4953
15680
6891
29206
21949
9196
1095
27834
19217
24
10163
20302
26853
7860
14623
20962
30281
18416
24667
2214
12045
32503
5642
12705
31400
23811
13822
4693
25604
17327
11090
3321
18464
28555
1910
8413
22156
28967
6618
15985
30072
21203
14894
7557
27604
19583
9346
809
5435
32198
23149
11324
2967
25450
17601
4040
10339
16542
26421
4452
14031
24114
31129
10496
3755
26198
16893
14252
4103
30970
24401
5208
13299
23310
31909
2804
11615
17826
25097
21424
29723
7398
15181
19740
27319
586
9697
8638
1557
28740
22511
16146
6329
23648
31691
4918
13469
17100
3482
10801
18067
11886
2501
32660
22591
12482
9936
379
27014
20013
14460
8151
30506
20609
7048
15395
1316
8847
19058
28121
17344
25707
11069
23916
31431
4666
13713
32408
22835
12750
5733
24628
18335
2249
14704
7899
30246
20877
10204
119
20257
1064
9091
19326
6788
15663
21970
29305
13984
4363
31222
24157
10252
4007
16625
3064
5460
23042
32169
19472
27579
838
9453
21180
29975
7658
14913
22243
15902
6581
28644
18511
8370
31872
23339
13270
5245
25132
17799
11642
2769
16856
26227
3726
10533
24436
30943
4130
14217
1584
8603
18790
28365
6300
16183
28769
15208
7363
29758
21397
9668
623
27282
19769
2528
11851
18102
24861
5964
12519
22554
32689
13496
4883
31726
23621
10772
3519
25922
17129
29520
21755
15366
7085
28156
19031
8874
1281
19976
27043
350
9973
20644
8178
14425
5696
12779
22806
32445
2284
12103
18362
24593
11032
3251
25678
17381
13748
4639
23881
27888
19291
9126
1037
29276
22007
15626
6817
20904
30211
7934
20228
26799
82
10233
25376
17547
11382
3037
32140
23079
13018
5489
24184
31187
4398
13957
16596
3970
10281
6544
15931
22214
29037
8343
18538
28609
867
27550
19509
7631
21145
4096
24406
30973
3756
10503
16890
11608
2803
25102
17829
13300
5215
31906
23305
27312
19739
9702
29724
21431
15178
7393
22504
28739
6334
16149
18756
28399
1554
8633
25952
17099
10806
31692
23655
13466
4913
22584
32659
5998
12485
18068
24895
2498
11881
8144
14459
20614
380
9943
20010
27009
8840
1315
28126
15396
7055
29554
21721
23915
13718
4669
25708
17351
11066
3217
18328
24627
12133
22836
32415
5730
12745
112
10203
20262
26765
7900
14711
20874
30241
15656
6787
29310
21973
9092
1071
27858
19321
10251
16630
26461
4364
13991
24154
31217
13048
5459
32174
23045
11348
3071
25346
17577
29968
21179
14918
7661
27580
19479
9450
833
18504
28643
1822
8373
22244
29007
6578
15897
17792
25131
2774
11645
23340
31879
5242
13265
30936
24435
14222
4133
26228
16863
10530
3721
16176
6299
28774
22477
8604
1591
28362
18785
616
9667
19774
27285
7364
15215
21394
29753
12512
5963
32694
22557
11852
2535
24858
18097
3512
10771
17134
25925
4884
13503
23618
31721
28155
1286
8877
21756
29527
7082
15361
30472
20643
14430
8181
27044
19983
9970
345
12096
2283
24598
18365
12780
5703
32442
22801
4632
13747
23886
31461
3252
11039
17378
25673
22000
29275
6822
15629
19292
27895
1034
9121
26792
20227
10238
85
20911
14674
7929
23072
32139
5494
13021
17548
25383
3034
11377
26488
16595
10286
3973
31188
24191
13954
4393
8336
1851
28614
18541
15932
6551
29034
22209
7624
14947
21150
30005
868
9423
19506
27545
15104
7339
29782
21501
9644
519
27386
19793
1624
8691
18702
28325
6388
16223
22434
28681
16816
26139
3814
10573
24348
30903
14305
31976
23363
13246
5141
25156
17903
2745
20064
27083
310
9885
20684
30567
8090
14385
29496
21651
15470
7109
28052
19007
8898
1385
13520
4987
23597
10876
3543
25898
17025
2440
11811
18142
24949
5924
22642
32729
20928
30315
7830
14653
20332
26823
10129
27800
9166
1125
29236
21919
15714
6857
11120
3291
25638
17293
13788
4727
31370
23841
5672
12675
22910
32469
2180
12079
18386
24697
9376
779
27638
19549
14860
7591
30042
21233
6648
15955
22190
28933
1876
18434
28585
24080
31163
4422
14061
16572
26391
4074
10305
25416
17635
11294
2997
32228
23119
12978
5401
28288
18731
8662
1661
28716
22407
16250
6353
21464
29811
7310
15141
19828
27359
546
9609
5168
13211
23398
31949
2716
11575
17866
25185
10600
3779
26174
16789
14276
4207
24377
7136
15435
21686
29469
1356
8935
18970
28081
9912
275
27118
20037
14356
8127
30530
20713
18171
11782
2477
22615
5889
23560
4958
13557
17060
25871
3570
10841
1088
9195
19222
27837
6892
15687
21946
29201
14616
7859
30286
20965
10164
31
26850
20297
32496
22875
12710
5645
24668
18423
12042
2209
17320
25603
3326
11093
23812
4690
13817
28960
22155
15990
6621
28556
18471
8410
1905
19576
27603
814
9349
21204
30079
7554
2960
11323
17606
25453
5436
23146
32193
14024
4451
31134
24117
10340
4047
26418
17920
25003
12029
22700
32519
6138
12369
31576
23795
13326
5029
26100
16991
10914
3337
15536
6939
29670
21581
8732
1463
27978
19169
488
9795
20158
26901
8004
14575
20498
30649
13152
5323
31798
23453
11724
2663
25242
17713
3640
16750
26309
4244
14143
24514
30825
18896
28283
1670
8493
22396
28887
6186
16257
29832
21283
15326
7285
27172
19855
9586
729
11456
2923
25494
17469
12908
5575
32058
23185
4504
13875
24270
31077
3892
10399
16482
26569
22128
29147
16013
18652
28535
1930
8225
27432
19587
9342
981
30084
21039
15058
7545
22944
32267
5878
12637
18188
24743
2138
12273
25848
17235
11182
3077
31316
24063
13570
4777
8976
1211
27718
15804
6679
29418
21825
7752
20766
30389
228
10063
20402
26649
4992
13355
31613
3372
10887
17018
26065
11992
2419
24974
17957
12404
6111
22665
20123
9830
461
30620
20535
14538
8033
21608
29635
6974
15509
19140
28015
1426
8761
26336
16715
10678
3613
30796
24551
14106
23480
31763
13125
17684
25279
2626
11753
7248
15355
21254
29869
9559
19882
27137
8456
1699
28254
18933
16292
6159
22361
31040
24299
13846
4541
26604
16455
10426
3857
17432
25523
2894
11493
23220
32031
5602
12873
1008
9307
19622
27405
7516
15095
21002
30113
16040
6403
29182
22101
8196
1967
28498
18681
3104
11147
17270
25821
4748
13607
24026
31345
12664
5843
32302
22917
12244
2175
24706
18217
30352
20795
14790
7789
26684
20375
10090
193
19400
27747
1182
9013
21860
29391
6706
15769
27904
19115
8790
1533
29612
21511
15610
6993
20568
30707
7950
14501
20212
26975
418
9737
6064
12315
22758
32589
2332
11959
17994
25057
10984
3395
26046
16917
13380
5103
31506
23737
6240
16331
22326
28829
1740
18842
28209
9528
659
27246
19909
15252
7231
29890
21353
25296
17787
11654
2605
23511
13098
5249
24456
30755
4318
14197
16676
26255
10713
1984
8299
18582
28477
6508
16071
22074
29073
15000
7475
30158
21093
9268
927
27490
19657
32112
23259
12838
5517
17527
11402
2849
16424
26499
3966
10453
24196
31023
4562
13945
29344
21771
15862
6749
27660
19367
9050
1265
20472
26707
174
9989
20820
30463
14761
2064
12219
18246
24813
5820
23018
32321
13640
4835
31262
23989
11236
3151
25778
17177
14464
7979
30678
20605
9772
391
27002
20177
1496
8819
19086
27941
7028
15583
21538
16944
26011
3430
10957
23708
5066
32616
22723
12350
6037
25028
11922
2361
19936
27211
694
9501
21324
29927
7194
15281
28856
22291
16366
28180
18879
8514
1769
4347
10748
3671
26282
16641
2568
11683
17758
25333
5284
13071
23538
21056
30187
7446
15037
19692
27463
954
9233
28440
18611
8270
2021
29108
22047
16098
6473
10480
3931
26534
16397
13916
4599
30986
24225
12803
23294
32085
2820
11439
25593
10016
139
26742
20445
14732
7719
30426
20849
6776
15827
21806
29317
1236
9087
19330
27689
23952
31291
4806
13677
17212
25751
3178
11201
24776
18275
12190
2101
22991
12594
5785
15360
7083
29526
21757
8876
1287
28154
344
9971
19982
27045
8180
14431
20642
30473
18096
24859
2534
11853
22556
32695
5962
12513
31720
23619
13502
4885
25924
17135
10770
3513
18784
28363
1590
22476
28775
6298
16177
29752
21395
15214
7365
27284
19775
9666
617
13264
5243
31878
23341
11644
2775
25130
17793
3720
10531
16862
26229
4132
14223
24434
30937
22208
29035
6550
15933
18540
28615
1850
8337
27544
19507
9422
869
30004
21151
14946
7625
11376
3035
25382
17549
13020
5495
32138
4392
13955
24190
31189
3972
10287
16594
26489
9120
1035
27894
19293
15628
6823
29274
22001
7928
14675
20910
30213
84
10239
20226
26793
22800
32443
5702
18364
24599
2282
12097
25672
17379
11038
3253
23887
13746
4633
27008
20011
9942
381
20615
14458
21720
29555
7054
15397
19060
28127
1314
8841
4912
13467
23654
31693
3484
10807
17098
25953
11880
2499
24894
18069
12484
5999
32658
22585
7392
15179
21430
29725
588
9703
19738
27313
8632
1555
28398
18757
16148
6335
28738
22505
26192
16891
10502
3757
24407
14250
4097
23304
31907
5214
13301
17828
25103
2802
11609
832
9451
19478
27581
7660
14919
21178
29969
15896
6579
29006
22245
8372
1823
28642
18505
31216
24155
13990
4365
26460
16631
10250
4001
17576
25347
3070
11349
23044
32175
5458
13049
30240
20875
14710
7901
20263
10202
113
19320
27859
1070
9093
21972
29311
6786
15657
3216
11067
17350
25709
4668
13719
23914
12744
5731
32414
22837
12132
2255
24626
18329
5888
12459
22614
32765
2476
11783
18170
24913
10840
3571
25870
17061
13556
4959
31650
23561
28080
18971
8934
1357
29468
21687
15434
7137
20712
30531
8126
14357
20036
27119
274
25184
17867
11574
2717
31948
23399
13210
5169
24376
30867
4206
14277
16788
26175
3778
6352
16251
22406
28717
1660
8663
18730
28289
9608
547
27358
19829
15140
7311
29810
21465
32192
23147
12950
5437
17607
11322
2961
16536
26419
4046
10341
24116
31135
4450
14025
1904
18470
28557
6620
15991
22154
28961
14888
7555
30078
21205
9348
815
27602
19577
2208
12043
18422
24669
5644
12711
22874
32497
13816
4691
31406
17321
29200
21947
15686
6893
27836
19223
9194
1089
20296
26851
30
10165
20964
30287
7858
14617
17024
25899
3542
10877
23596
4986
13521
32728
22643
12430
5925
24948
18143
11810
2441
14384
8091
30566
20685
9884
311
27082
20065
1384
8899
19006
28053
7108
15471
21650
29497
14304
4171
30902
24349
10572
3815
26138
16817
2744
17902
25157
5140
13247
23362
31977
19792
27387
518
9645
21500
29783
15105
28680
22435
16222
6389
28324
18703
8690
1625
10304
4075
26390
16573
14060
4423
31162
24081
5400
12979
23118
32229
2996
11295
17634
25417
21232
30043
7590
14861
19548
27639
778
9377
28584
18435
8446
1877
28932
15954
6649
23840
31371
4726
13789
17292
25639
3290
11121
24696
18387
12078
2181
32468
22911
12674
5673
10128
59
26822
20333
14652
7831
30314
20929
6856
21918
29237
1124
9167
19250
27801
27136
19883
9558
765
21255
15354
7249
22360
28915
6158
16293
18932
28255
1698
8457
4272
14107
24550
30797
3612
10679
16714
26337
11752
2627
25278
17685
13124
5359
31762
23481
8032
14539
20534
30621
460
9831
20122
26929
8760
1427
28014
19141
15508
6975
29634
21609
17019
3373
23767
4993
22664
32547
6110
12405
17956
24975
2418
11993
192
10091
20374
26685
7788
14791
20794
30353
15768
6707
29390
21861
9012
1183
27746
19401
31344
24027
13606
4749
25820
17271
11146
3105
18216
24707
2174
12245
22916
5842
30112
21003
15094
7517
27404
19623
9306
1009
18680
28499
1966
8197
22100
29183
6402
16041
10427
16454
26605
4540
12872
5603
32030
23221
11492
2895
25522
17433
16256
6187
28886
22397
8492
1671
28282
18897
728
9587
19854
27173
7284
15327
21282
29833
17712
25243
2662
11725
23452
31799
13153
30824
24515
14142
4245
26308
16751
10642
3641
19168
27979
1462
8733
21580
29671
6938
15537
30648
20499
14574
8005
26900
20159
9794
489
6139
22701
12028
2391
25002
3336
10915
16990
26101
5028
13327
23794
21824
29419
6678
15805
19436
27719
1210
8977
26648
20403
10062
229
30388
20767
14818
7753
12272
2139
24742
18189
5879
22945
4776
13571
24062
31317
3076
11183
17234
25849
8224
1931
28534
18653
16012
6439
29146
22129
7544
15059
21038
30085
980
9343
19586
27433
23184
17468
25495
2922
11457
26568
16483
10398
3893
31076
24271
4505
16640
26283
3670
10749
24492
30727
4346
14161
31832
23539
13070
5285
25332
17759
11682
2569
15280
7195
29926
21325
9500
695
27210
19937
1768
8515
18878
28181
16367
22290
28857
13408
5067
31542
23709
10956
3431
26010
16945
2360
11923
18030
25029
6036
12351
22722
32617
20176
27003
390
9773
20604
30679
7978
14465
21539
15582
7029
27940
19087
8818
1497
11200
3179
25750
17213
13676
4807
31290
23953
5784
12595
22990
2100
12191
18274
24777
20848
30427
7718
14733
20444
26743
138
10017
19331
9086
1237
29316
21807
15826
6777
24224
30987
4598
13917
16396
26535
3930
10481
17491
11438
2821
32084
23295
12802
5545
9232
955
27462
19693
15036
7447
30186
21057
6472
16099
22046
29109
2020
8271
18610
28441
5248
13099
23510
2604
11655
17786
25297
10712
26254
16677
14196
4319
30754
24457
28208
18843
8550
1741
28828
22327
16330
6241
21352
29891
7230
15253
19908
27247
658
9529
25056
17995
11958
2333
22759
12314
6065
23736
5102
16916
3394
10985
6992
15611
21510
1532
19114
27905
9736
419
26974
20213
14500
7951
23019
12566
5821
24812
18247
12218
2065
17176
25779
3150
11237
23988
31263
4834
13641
1264
9051
19366
27661
6748
15863
21770
7683
30462
20821
9988
175
20473
2848
11403
17526
25565
12839
23258
32113
13944
4563
31022
24197
10452
3967
26498
16425
29072
22075
16070
6509
28476
18583
8298
1985
19656
27491
9269
7474
8445
22188
28935
6650
30040
21235
14862
7589
27636
19551
9378
777
12976
5403
23117
11292
2999
25418
17633
4072
10307
16574
26389
4420
14063
24082
15712
6859
29238
21917
9164
1127
27802
19249
10131
20334
26821
7828
14655
20930
30313
18384
24699
2182
12077
22908
32471
5674
12673
31368
23843
13790
4725
25636
17295
3289
8896
1387
28054
15468
29498
21649
8088
14387
20686
30565
308
9887
20066
27081
22640
32731
5926
12429
18140
24951
2442
11809
25896
17027
10878
3541
31620
23599
13522
4985
22432
6390
16221
18700
28327
1626
8689
27384
19795
9646
517
29780
21503
15106
7337
11536
2747
25158
17901
13244
5143
31978
23361
4168
14307
24350
30901
3812
10575
16818
26137
7552
14891
21206
30077
812
9351
19578
27601
8408
1907
28558
18469
15988
6623
28962
22153
26416
16539
10342
4045
31132
24119
14026
4449
23144
32195
5438
12949
17604
25455
2962
11321
26848
20299
10166
30284
20967
14618
7857
21944
29203
6894
15685
19220
27839
1090
9193
4688
13819
23814
31405
3324
11095
17322
25601
12040
2211
24670
18421
12708
5647
32498
22873
30528
20715
14358
8125
27116
20039
9914
273
18968
28083
1358
8933
21684
29471
7138
15433
3568
10843
17062
25869
4956
13559
23562
31649
12456
5891
32766
22613
11780
2479
24914
18169
544
9611
19830
27357
7308
15143
21466
29809
16248
6355
28718
22405
8660
1663
28290
18729
30864
24379
14278
4205
26172
16791
10602
3777
17864
25187
2718
11573
23396
31951
5170
13209
25344
17579
11350
3069
32172
23047
13050
5457
24152
31219
4366
13989
16628
26463
4002
10249
6576
15899
22246
29005
1820
8375
18506
28641
9448
835
27582
19477
14916
7663
29970
21177
5728
12747
22838
32413
2252
12135
18330
24625
11064
25710
17349
13716
4671
23913
27856
19323
9094
1069
29308
21975
15658
6785
20872
30243
7902
20260
26767
114
10201
2496
11883
18070
24893
5996
12487
22586
32657
13464
4915
31694
23653
10804
25954
29552
21723
15398
7053
28124
19063
8842
1313
20008
27011
382
9941
20612
8146
14457
31904
23307
13302
5213
25100
17831
11610
2801
16888
26195
3758
24404
30975
4098
14249
1552
8635
18758
28397
6332
16151
22506
28737
15176
29726
21429
9700
591
27314
19737
13952
4395
31190
24189
10284
3975
26490
16593
3032
11379
17550
25381
5492
23074
32137
19504
27547
870
9421
21148
30007
7626
14945
29032
22211
15934
6549
28612
18543
8338
17376
25675
3254
11037
23884
31463
4634
13745
32440
22803
12782
5701
24596
18367
12098
2281
14672
7931
30214
20909
10236
87
26794
20225
1032
9123
19294
27893
6820
15631
22002
29273
23616
31723
4886
13501
17132
25927
3514
10769
18099
11854
2533
32692
22559
12514
5961
9968
347
27046
19981
14428
8183
20641
7080
15363
21758
1284
8879
19026
28153
10528
3723
26230
16861
14220
4135
30938
24433
5240
13267
23342
31877
2772
11647
17794
25129
21392
29755
15213
19772
27287
618
9665
28360
18787
8606
1589
22479
6297
7680
14763
20822
30461
9991
20474
26705
9048
1267
27662
19365
15860
6751
29346
21769
25776
17179
11238
3149
31260
23991
4833
23016
32323
5822
12565
18244
24815
2066
12217
27488
19659
9270
925
30156
21095
15002
7473
22072
29075
6510
16069
18580
28479
1986
8297
4560
13947
24198
31021
3964
10455
16426
26497
11400
2851
25566
17525
12836
32114
23257
29888
21355
15254
7229
27244
19911
9530
657
18840
28211
1742
8549
22324
28831
6242
16329
3696
10715
26253
14199
24458
30753
13096
5251
31870
23509
11652
2607
25298
17785
416
9739
20214
26973
7948
14503
20570
30705
15608
6995
21509
8788
1535
27906
19113
31504
23739
13382
5101
26044
16919
10986
3393
17992
25059
2334
11957
22756
6066
12313
19328
27691
1238
9085
21804
29319
6778
15825
30424
20851
14734
7717
26740
20447
10018
137
12592
12188
2103
24778
18273
3176
11203
17214
25749
4804
23954
31289
16096
6475
29110
22045
8268
2023
28442
952
9235
19694
27461
7444
15039
21058
30185
17488
25595
2822
11437
32087
5546
12801
30984
13918
4597
26532
16399
10482
3929
8512
1771
28182
18877
16364
6215
28858
22289
7192
15283
21326
29925
692
9503
19938
27209
23536
31835
5286
13069
25335
2570
11681
26280
16643
10750
3669
30724
24495
14162
4345
21536
7030
15581
19084
27943
1498
8817
27000
20179
9774
389
30676
20607
14466
7977
11920
2363
25030
18029
12348
6039
32618
22721
5064
13411
23710
31541
3428
10959
16946
26009
13568
4779
31318
24061
11180
3079
25850
17233
2136
12275
18190
24741
5876
12639
22946
32265
20400
26651
230
10061
20764
30391
7754
29416
21827
15806
6677
27716
19439
8978
1209
16480
26571
3894
10397
24268
31079
4506
13873
32056
23187
12910
5573
25492
17471
11458
2921
15056
7547
30086
21037
9340
983
27434
19585
1928
8227
18654
28533
6436
16015
22130
24512
30827
4246
14141
16748
26311
3642
25240
17715
11726
2661
31796
23455
13154
5321
9584
731
27174
19853
15324
7287
29834
21281
16259
22398
28885
1668
8495
28281
10912
3339
26102
16989
13324
5031
31578
23793
6136
12371
22702
32517
2388
12031
17922
20496
30651
8006
14573
20156
26903
490
9793
27976
19171
1461
21583
15538
6937
24704
18219
12246
2173
22919
12666
5841
24024
31347
4750
13605
17268
25823
3106
11145
6704
15771
21862
29389
1180
9015
19402
27745
10088
195
26686
20373
7791
20793
5600
12875
23222
2892
11495
17434
25521
10424
3859
26606
16453
13844
4543
31042
24297
28496
18683
8198
1965
29180
22103
16042
6401
30115
7518
15093
19620
27407
9305
2624
11755
17686
25277
5356
13127
23482
31761
14104
4275
30798
10676
3615
26338
16713
22363
16294
6157
28252
18935
8458
1697
19880
27139
766
9557
7250
15353
32544
22667
12406
6109
24972
17959
11994
2417
17016
26067
3374
10885
23764
31615
4994
1424
19142
28013
6972
15511
21610
8035
20533
9828
26930
20121
25600
17323
11094
3325
31404
23815
13818
4689
22872
32499
5646
12709
18420
24671
2210
12041
7856
14619
20966
30285
10167
20298
26849
9192
1091
27838
19221
15684
6895
29202
21945
4448
14027
24118
31133
4044
10343
16538
26417
11320
2963
25454
17605
12948
5439
32194
23145
27600
19579
9350
813
30076
21207
14890
7553
28963
6622
15989
18468
28559
1906
8409
3776
10603
16790
4204
14279
24378
30865
13208
5171
31950
23397
11572
2719
25186
17865
29808
21467
15142
7309
27356
19831
9610
545
18728
28291
1662
8661
22404
28719
6354
16249
31648
23563
13558
4957
25868
17063
10842
18168
24915
2478
11781
22612
32767
5890
12457
272
9915
20038
27117
8124
14359
20714
30529
15432
7139
21685
8932
1359
28082
18969
12672
5675
32470
22909
12076
2183
24698
18385
3288
11123
17294
25637
4724
13791
23842
31369
19248
27803
1126
9165
21916
29239
6858
15713
30312
20931
14654
7829
26820
20335
10130
57
17632
25419
2998
11293
23116
32231
5402
12977
31160
24083
14062
4421
26388
16575
10306
4073
15952
6651
28934
22189
8444
1879
28586
18433
776
9379
19550
27637
7588
14863
21234
23360
31979
5142
13245
17900
25159
2746
11537
26136
16819
10574
3813
30900
24351
14306
4169
8688
1627
28326
18701
16220
6391
28682
22433
7336
15107
21502
29781
516
9647
19794
27385
11808
2443
24950
18141
12428
32730
22641
4984
13523
23598
31621
3540
10879
17026
25897
21648
29499
7110
15469
19004
28055
1386
8897
27080
20067
9886
309
20687
14386
8089
20224
26795
86
10237
20908
30215
7930
14673
29272
22003
15630
27892
19295
9122
1033
13744
4635
31462
23885
11036
3255
25674
17377
2280
12099
18366
24597
5700
12783
22802
32441
14944
7627
30006
21149
9420
871
19505
1848
18542
28613
6548
15935
22210
16592
26491
3974
10285
24188
31191
4394
13953
32136
23075
13022
5493
25380
17551
11378
3033
9664
619
19773
15212
7367
29754
21393
6296
16179
22478
28773
1588
8607
18786
28361
24432
30939
4134
14221
16860
26231
3722
25128
17795
11646
2773
31876
23343
13266
5241
20640
30475
8182
14429
19980
27047
346
9969
28152
19027
29524
15362
7081
10768
3515
25926
17133
13500
4887
31722
23617
12515
22558
32693
2532
11855
18098
6784
15659
21974
29309
1068
9095
19322
27857
10200
115
26766
20261
14708
7903
30242
20873
24624
18331
12134
2253
32412
22839
12746
5729
23912
4670
13717
17348
25711
3218
11065
28640
18507
8374
1821
29004
22247
15898
6577
21176
29971
7662